regiao;data;turno;praca;subpraca;logados;slots;pct_logados;horario_coleta;modal
Fortaleza;2026-07-16;TARDE SBFRT 15H00-17H59;FORTALEZA;Portugal;20;20;100.0%;2026-07-16 18:05;Todos
Fortaleza;2026-07-16;TARDE SBFRT 15H00-17H59;FORTALEZA;Aeroporto;18;20;90.0%;2026-07-16 18:05;Todos
Fortaleza;2026-07-16;TARDE SBFRT 15H00-17H59;FORTALEZA;Lagoa Redonda;16;20;80.0%;2026-07-16 18:05;Todos
Fortaleza;2026-07-16;TARDE SBFRT 15H00-17H59;FORTALEZA;Iracema;55;55;100.0%;2026-07-16 18:05;Todos
Fortaleza;2026-07-16;TARDE SBFRT 15H00-17H59;FORTALEZA;Barra do Ceará;60;60;100.0%;2026-07-16 18:05;Todos
Fortaleza;2026-07-16;JANTAR 18H00-21H59;FORTALEZA;Lagoa Redonda;16;20;80.0%;2026-07-16 18:05;Todos
Fortaleza;2026-07-16;JANTAR 18H00-21H59;FORTALEZA;Barra do Ceará;82;83;98.8%;2026-07-16 18:05;Todos
Fortaleza;2026-07-16;JANTAR 18H00-21H59;FORTALEZA;Portugal;18;20;90.0%;2026-07-16 18:05;Todos
Fortaleza;2026-07-16;JANTAR 18H00-21H59;FORTALEZA;Iracema;104;107;97.2%;2026-07-16 18:05;Todos
Fortaleza;2026-07-16;JANTAR 18H00-21H59;FORTALEZA;Aeroporto;11;20;55.0%;2026-07-16 18:05;Todos
Sao Paulo;2026-07-16;TARDE 15H30-18H29;SAO PAULO;LIVRE;21;21;100.0%;2026-07-16 18:05;MOTORCYCLE
Sao Paulo;2026-07-16;TARDE 15H30-18H29;SAO PAULO;VILA JAGUARA E JAGUARA - SP;32;46;69.6%;2026-07-16 18:05;MOTORCYCLE
Sao Paulo;2026-07-16;TARDE 15H30-18H29;SP DEDICADO;Poke Garden - Brooklin;5;5;100.0%;2026-07-16 18:05;MOTORCYCLE
Sao Paulo;2026-07-16;TARDE 15H30-18H29;SP DEDICADO;Greenjoy - Wraps & Saladas- Pinheiros;0;1;0.0%;2026-07-16 18:05;MOTORCYCLE
Sao Paulo;2026-07-16;TARDE 15H30-18H29;SP DEDICADO;Perdomo Doces e Bolos - Tatuapé;1;1;100.0%;2026-07-16 18:05;Todos
Sao Paulo;2026-07-16;TARDE 15H30-18H29;SAO PAULO;CIDADE DAS FLORES - SP;4;46;8.7%;2026-07-16 18:05;Todos
Sao Paulo;2026-07-16;TARDE 15H30-18H29;SP DEDICADO;Sushi Garden One - Brooklin;2;4;50.0%;2026-07-16 18:05;MOTORCYCLE
Sao Paulo;2026-07-16;TARDE 15H30-18H29;SP DEDICADO;Vip Sushi - Vila Prudente;0;1;0.0%;2026-07-16 18:05;MOTORCYCLE
Sao Paulo;2026-07-16;TARDE 15H30-18H29;SP DEDICADO;Sushi Fast - Santana;0;0;0%;2026-07-16 18:05;Todos
Sao Paulo;2026-07-16;TARDE 15H30 - 18H29 FR;SP DEDICADO;Pão Com Carne Hamburgueria - Mooca;0;0;0%;2026-07-16 18:05;Todos
Sao Paulo;2026-07-16;TARDE 15H30-18H29;SP DEDICADO;Pão Com Carne Hamburgueria - Mooca;0;1;0.0%;2026-07-16 18:05;Todos
Sao Paulo;2026-07-16;TARDE 15H30-18H29;SAO PAULO;VILA GUILHERMINA - SP;3;12;25.0%;2026-07-16 18:05;Todos
Sao Paulo;2026-07-16;TARDE 15H30 - 18H29 FR;SP DEDICADO;Perdomo Doces e Bolos - Pinheiros;0;0;0%;2026-07-16 18:05;Todos
Sao Paulo;2026-07-16;TARDE 15H30-18H29;SP DEDICADO;FE- Vip Sushi Pirituba | HUB Virtual;0;2;0.0%;2026-07-16 18:05;Todos
Sao Paulo;2026-07-16;TARDE 15H30-18H29;SP DEDICADO;John's Burguer;1;2;50.0%;2026-07-16 18:05;MOTORCYCLE
Sao Paulo;2026-07-16;TARDE 15H30-18H29;SP DEDICADO;Sushi Garden One - Tatuapé;0;1;0.0%;2026-07-16 18:05;MOTORCYCLE
Sao Paulo;2026-07-16;TARDE 15H30-18H29;SAO PAULO;PERDIZES - SP;5;51;9.8%;2026-07-16 18:05;Todos
Sao Paulo;2026-07-16;TARDE 15H30-18H29;SP DEDICADO;Padaria Real - Pinheiros;8;8;100.0%;2026-07-16 18:05;MOTORCYCLE
Sao Paulo;2026-07-16;TARDE 15H30-18H29;SAO PAULO;JABAQUARA E SANTO AMARO - SP;5;34;14.7%;2026-07-16 18:05;Todos
Sao Paulo;2026-07-16;TARDE 15H30-18H29;SAO PAULO;VILA JAGUARA E JAGUARA - SP;12;46;26.1%;2026-07-16 18:05;Todos
Sao Paulo;2026-07-16;TARDE 15H30 - 18H29 FR;SP DEDICADO;Vip Sushi - Vila Prudente;0;0;0%;2026-07-16 18:05;MOTORCYCLE
Sao Paulo;2026-07-16;TARDE 15H30-18H29;SAO PAULO;LIVRE;13;21;61.9%;2026-07-16 18:05;Todos
Sao Paulo;2026-07-16;TARDE 15H30-18H29;SAO PAULO;PINHEIROS - SP;48;93;51.6%;2026-07-16 18:05;MOTORCYCLE
Sao Paulo;2026-07-16;TARDE 15H30-18H29;SP DEDICADO;Perdomo Doces e Bolos - Pinheiros;2;2;100.0%;2026-07-16 18:05;Todos
Sao Paulo;2026-07-16;TARDE 15H30-18H29;SAO PAULO;ITAIM E BROOKLIN E INDIANAPOLIS - SP;43;119;36.1%;2026-07-16 18:05;MOTORCYCLE
Sao Paulo;2026-07-16;TARDE 15H30-18H29;SAO PAULO;MANDAQUI - SP;59;102;57.8%;2026-07-16 18:05;Todos
Sao Paulo;2026-07-16;TARDE 15H30-18H29;SAO PAULO;INTERLAGOS - SP;4;6;66.7%;2026-07-16 18:05;MOTORCYCLE
Sao Paulo;2026-07-16;TARDE 15H30 - 18H29 FR;SP DEDICADO;Greentable - Bandeirantes;0;0;0%;2026-07-16 18:05;MOTORCYCLE
Sao Paulo;2026-07-16;TARDE 15H30-18H29;SP DEDICADO;FE- Vip Sushi Osasco | HUB Virtual;0;2;0.0%;2026-07-16 18:05;Todos
Sao Paulo;2026-07-16;TARDE 15H30-18H29;SP DEDICADO;Greentable - Bandeirantes;1;2;50.0%;2026-07-16 18:05;MOTORCYCLE
Sao Paulo;2026-07-16;TARDE 15H30-18H29;SP DEDICADO;Sushi Garden One - Jardins;3;3;100.0%;2026-07-16 18:05;MOTORCYCLE
Sao Paulo;2026-07-16;TARDE 15H30-18H29;SAO PAULO;PANAMBY E VILA SONIA - SP;17;58;29.3%;2026-07-16 18:05;Todos
Sao Paulo;2026-07-16;TARDE 15H30 - 18H29 FR;SP DEDICADO;Greentable - Rebouças;0;0;0%;2026-07-16 18:05;MOTORCYCLE
Sao Paulo;2026-07-16;TARDE 15H30-18H29;SAO PAULO;MOOCA - SP;12;38;31.6%;2026-07-16 18:05;MOTORCYCLE
Sao Paulo;2026-07-16;TARDE 15H30-18H29;SAO PAULO;PINHEIROS - SP;7;93;7.5%;2026-07-16 18:05;Todos
Sao Paulo;2026-07-16;TARDE 15H30-18H29;SP DEDICADO;FE- Sushi por 0,99 Pompeia| HUB Virtual;1;1;100.0%;2026-07-16 18:05;Todos
Sao Paulo;2026-07-16;TARDE 15H30-18H29;SP DEDICADO;Greenjoy - Wraps & Saladas - Jardins;1;1;100.0%;2026-07-16 18:05;Todos
Sao Paulo;2026-07-16;TARDE 15H30-18H29;SP DEDICADO;FE - Papila Centro | HUB Virtual;0;1;0.0%;2026-07-16 18:05;Todos
Sao Paulo;2026-07-16;TARDE 15H30-18H29;SP DEDICADO;Patties Tatuapé;1;3;33.3%;2026-07-16 18:05;MOTORCYCLE
Sao Paulo;2026-07-16;TARDE 15H30-18H29;SP DEDICADO;Greenjoy - Wraps & Saladas- Vila Olímpia;1;2;50.0%;2026-07-16 18:05;Todos
Sao Paulo;2026-07-16;TARDE 15H30-18H29;SAO PAULO;MOOCA - SP;8;38;21.1%;2026-07-16 18:05;Todos
Sao Paulo;2026-07-16;TARDE 15H30-18H29;SP DEDICADO;Poke Garden  - Jardins;1;2;50.0%;2026-07-16 18:05;MOTORCYCLE
Sao Paulo;2026-07-16;TARDE 15H30 - 18H29 FR;SP DEDICADO;Patties Burger - Bandeirantes;0;0;0%;2026-07-16 18:05;MOTORCYCLE
Sao Paulo;2026-07-16;TARDE 15H30-18H29;SAO PAULO;SAO PAULO - BROOKLIN - (MINI BTU FD);1;1;100.0%;2026-07-16 18:05;Todos
Sao Paulo;2026-07-16;TARDE 15H30-18H29;SAO PAULO;CACHOEIRINHA - SP;16;63;25.4%;2026-07-16 18:05;MOTORCYCLE
Sao Paulo;2026-07-16;TARDE 15H30-18H29;SP DEDICADO;Patties Burger - Bandeirantes;1;1;100.0%;2026-07-16 18:05;MOTORCYCLE
Sao Paulo;2026-07-16;TARDE 15H30-18H29;SAO PAULO;SAO PAULO - JARDINS - (MINI BTU FD);0;1;0.0%;2026-07-16 18:05;Todos
Sao Paulo;2026-07-16;TARDE 15H30 - 18H29 FR;SP DEDICADO;Patties Santana;0;0;0%;2026-07-16 18:05;MOTORCYCLE
Sao Paulo;2026-07-16;TARDE 15H30-18H29;SAO PAULO;ITAIM E BROOKLIN E INDIANAPOLIS - SP;19;119;16.0%;2026-07-16 18:05;Todos
Sao Paulo;2026-07-16;TARDE 15H30-18H29;SAO PAULO;SAO PAULO - PARAISO - (MINI BTU FD);1;1;100.0%;2026-07-16 18:05;Todos
Sao Paulo;2026-07-16;TARDE 15H30-18H29;SAO PAULO;TATUAPE - SP;4;43;9.3%;2026-07-16 18:05;Todos
Sao Paulo;2026-07-16;TARDE 15H30-18H29;SAO PAULO;CACHOEIRINHA - SP;16;63;25.4%;2026-07-16 18:05;Todos
Sao Paulo;2026-07-16;TARDE 15H30-18H29;SAO PAULO;SAO PAULO - PINHEIROS - (MINI BTU FD);0;1;0.0%;2026-07-16 18:05;Todos
Sao Paulo;2026-07-16;TARDE 15H30-18H29;SP DEDICADO;Patties Santana;0;1;0.0%;2026-07-16 18:05;MOTORCYCLE
Sao Paulo;2026-07-16;TARDE 15H30-18H29;SAO PAULO;PANAMBY E VILA SONIA - SP;26;58;44.8%;2026-07-16 18:05;MOTORCYCLE
Sao Paulo;2026-07-16;TARDE 15H30-18H29;SAO PAULO;JABAQUARA E SANTO AMARO - SP;8;34;23.5%;2026-07-16 18:05;MOTORCYCLE
Sao Paulo;2026-07-16;TARDE 15H30-18H29;SAO PAULO;ACLIMACAO - SP;1;38;2.6%;2026-07-16 18:05;Todos
Sao Paulo;2026-07-16;TARDE 15H30-18H29;SAO PAULO;VILA GUILHERMINA - SP;10;12;83.3%;2026-07-16 18:05;MOTORCYCLE
Sao Paulo;2026-07-16;TARDE 15H30-18H29;SAO PAULO;TATUAPE - SP;17;43;39.5%;2026-07-16 18:05;MOTORCYCLE
Sao Paulo;2026-07-16;TARDE 15H30-18H29;SAO PAULO;PERDIZES - SP;20;51;39.2%;2026-07-16 18:05;MOTORCYCLE
Sao Paulo;2026-07-16;TARDE 15H30-18H29;SAO PAULO;MANDAQUI - SP;38;102;37.3%;2026-07-16 18:05;MOTORCYCLE
Sao Paulo;2026-07-16;TARDE 15H30-18H29;SAO PAULO;INTERLAGOS - SP;3;6;50.0%;2026-07-16 18:05;Todos
Sao Paulo;2026-07-16;TARDE 15H30-18H29;SAO PAULO;ARICANDUVA - SP;1;11;9.1%;2026-07-16 18:05;Todos
Sao Paulo;2026-07-16;TARDE 15H30-18H29;SAO PAULO;ARICANDUVA - SP;4;11;36.4%;2026-07-16 18:05;MOTORCYCLE
Sao Paulo;2026-07-16;TARDE 15H30-18H29;SAO PAULO;CIDADE DAS FLORES - SP;29;46;63.0%;2026-07-16 18:05;MOTORCYCLE
Sao Paulo;2026-07-16;TARDE 15H30-18H29;SAO PAULO;ACLIMACAO - SP;7;38;18.4%;2026-07-16 18:05;MOTORCYCLE
Sao Paulo;2026-07-16;JANTAR 18H00-22H59;SP DEDICADO;Koto by Chef Makoto Okuwa;0;0;0%;2026-07-16 18:05;Todos
Sao Paulo;2026-07-16;JANTAR 18H00-22H59;SP DEDICADO;Z Deli - Centro;0;0;0%;2026-07-16 18:05;MOTORCYCLE
Sao Paulo;2026-07-16;J6 JANTAR 18h00-22h59;SP DEDICADO;Z Deli - Centro;2;2;100.0%;2026-07-16 18:05;MOTORCYCLE
Sao Paulo;2026-07-16;J6 JANTAR 18h00-22h59;SP DEDICADO;Bráz Elettrica - Pinheiros;3;3;100.0%;2026-07-16 18:05;Todos
Sao Paulo;2026-07-16;J6 JANTAR 18h00-22h59;SP DEDICADO;Koto by Chef Makoto Okuwa;8;8;100.0%;2026-07-16 18:05;Todos
Sao Paulo;2026-07-16;JANTAR 18H30-23H59;SP DEDICADO;FE- Vip Sushi Osasco | HUB Virtual;2;7;28.6%;2026-07-16 18:05;Todos
Sao Paulo;2026-07-16;JANTAR FE 18H30-20H59;SP DEDICADO;Greenjoy - Wraps & Saladas- Pinheiros;1;3;33.3%;2026-07-16 18:05;MOTORCYCLE
Sao Paulo;2026-07-16;JANTAR 18h30-22h29;SP DEDICADO;John's Burguer;3;5;60.0%;2026-07-16 18:05;MOTORCYCLE
Sao Paulo;2026-07-16;JANTAR 18h30-22h29;SP DEDICADO;Nino Delivery - Itaim;3;3;100.0%;2026-07-16 18:05;Todos
Sao Paulo;2026-07-16;JANTAR FE 18H30-22H59;SP DEDICADO;Padaria Real - Pinheiros;6;6;100.0%;2026-07-16 18:05;MOTORCYCLE
Sao Paulo;2026-07-16;JANTAR FE 18H30-22H59;SP DEDICADO;Patties Burger - Bandeirantes;5;12;41.7%;2026-07-16 18:05;MOTORCYCLE
Sao Paulo;2026-07-16;JANTAR CPS 18H30-21H29;SP DEDICADO;Perdomo Doces e Bolos - Pinheiros;2;2;100.0%;2026-07-16 18:05;Todos
Sao Paulo;2026-07-16;JANTAR FE 18H30-22H59;SP DEDICADO;Poke Garden - Brooklin;7;10;70.0%;2026-07-16 18:05;MOTORCYCLE
Sao Paulo;2026-07-16;JANTAR 18h30-22h29;SP DEDICADO;Poke Garden  - Jardins;6;10;60.0%;2026-07-16 18:05;MOTORCYCLE
Sao Paulo;2026-07-16;JANTAR 18h30-22h29;SP DEDICADO;Sushi Fast - Santana;1;5;20.0%;2026-07-16 18:05;Todos
Sao Paulo;2026-07-16;JANTAR 18h30-22h29;SP DEDICADO;FE - Johns Mooca | HUB Virtual;2;10;20.0%;2026-07-16 18:05;Todos
Sao Paulo;2026-07-16;JANTAR 18h30-22h29;SP DEDICADO;FE - Papila Centro | HUB Virtual;3;5;60.0%;2026-07-16 18:05;Todos
Sao Paulo;2026-07-16;JANTAR 18H30 - 21H29 FR;SAO PAULO;LIVRE;21;21;100.0%;2026-07-16 18:05;Todos
Sao Paulo;2026-07-16;JANTAR 18h30-22h29;SP DEDICADO;FE - Papila Brooklin | HUB Virtual;5;5;100.0%;2026-07-16 18:05;Todos
Sao Paulo;2026-07-16;JANTAR 18H30-23H59;SP DEDICADO;Poke Garden - Brooklin;0;0;0%;2026-07-16 18:05;MOTORCYCLE
Sao Paulo;2026-07-16;JANTAR 18h30-22h29;SP DEDICADO;Vip Sushi - Vila Prudente;0;4;0.0%;2026-07-16 18:05;MOTORCYCLE
Sao Paulo;2026-07-16;JANTAR FDS 18H30-22H29;SP DEDICADO;Vip Sushi - Vila Prudente;0;0;0%;2026-07-16 18:05;MOTORCYCLE
Sao Paulo;2026-07-16;JANTAR 18h30-22h29;SP DEDICADO;FE- Vip Sushi Pompeia | HUB Virtual;3;4;75.0%;2026-07-16 18:05;Todos
Sao Paulo;2026-07-16;JANTAR FE 18H30-22H59;SP DEDICADO;Sushi Garden One - Brooklin;1;8;12.5%;2026-07-16 18:05;MOTORCYCLE
Sao Paulo;2026-07-16;JANTAR 18H30-23H59;SP DEDICADO;Sushi Garden One - Brooklin;0;0;0%;2026-07-16 18:05;MOTORCYCLE
Sao Paulo;2026-07-16;JANTAR CPS 18H30-21H29;SP DEDICADO;FE- Vip Sushi Pirituba | HUB Virtual;4;5;80.0%;2026-07-16 18:05;Todos
Sao Paulo;2026-07-16;JANTAR 18h30-22h29;SP DEDICADO;FE- Sushi por 0,99 Butantã | HUB Virtual;1;3;33.3%;2026-07-16 18:05;Todos
Sao Paulo;2026-07-16;JANTAR 18h30-22h29;SP DEDICADO;Poke Garden - Tatuapé;1;2;50.0%;2026-07-16 18:05;MOTORCYCLE
Sao Paulo;2026-07-16;JANTAR FE 18H30-22H59;SP DEDICADO;FE- Sushi por 0,99 Pompeia| HUB Virtual;1;2;50.0%;2026-07-16 18:05;Todos
Sao Paulo;2026-07-16;JANTAR FE 18H30-22H59;SP DEDICADO;Sushi Garden One - Tatuapé;0;4;0.0%;2026-07-16 18:05;MOTORCYCLE
Sao Paulo;2026-07-16;JANTAR FE 18H30-22H59;SP DEDICADO;Sushi Garden One - Jardins;3;3;100.0%;2026-07-16 18:05;MOTORCYCLE
Sao Paulo;2026-07-16;JANTAR FDS 18H30-22H59;SP DEDICADO;Patties Santana;0;0;0%;2026-07-16 18:05;MOTORCYCLE
Sao Paulo;2026-07-16;JANTAR 18H30-23H59;SP DEDICADO;Patties Burger - Bandeirantes;0;0;0%;2026-07-16 18:05;MOTORCYCLE
Sao Paulo;2026-07-16;JANTAR FDS 18H30-22H59;SP DEDICADO;Patties Burger - Bandeirantes;0;0;0%;2026-07-16 18:05;MOTORCYCLE
Sao Paulo;2026-07-16;JANTAR FE 18H30-22H59;SP DEDICADO;Patties Rebouças;2;2;100.0%;2026-07-16 18:05;Todos
Sao Paulo;2026-07-16;JANTAR CPS 18H30-21H29;SP DEDICADO;Patties Rebouças;0;0;0%;2026-07-16 18:05;Todos
Sao Paulo;2026-07-16;JANTAR 18h30-22h29;SP DEDICADO;São Carlos Lanches - Tatuapé;9;9;100.0%;2026-07-16 18:05;Todos
Sao Paulo;2026-07-16;JANTAR FDS 18H30-22H59;SP DEDICADO;Patties Rebouças;0;0;0%;2026-07-16 18:05;Todos
Sao Paulo;2026-07-16;JANTAR FE 18H30-22H59;SP DEDICADO;Patties Tatuapé;0;7;0.0%;2026-07-16 18:05;MOTORCYCLE
Sao Paulo;2026-07-16;JANTAR 18H30 - 21H29 FR;SP DEDICADO;Greenjoy - Wraps & Saladas - Jardins;0;0;0%;2026-07-16 18:05;Todos
Sao Paulo;2026-07-16;JANTAR 18h30-22h29;SP DEDICADO;Greentable - Rebouças;2;2;100.0%;2026-07-16 18:05;MOTORCYCLE
Sao Paulo;2026-07-16;JANTAR FDS 18H30-22H29;SP DEDICADO;Greentable - Rebouças;0;0;0%;2026-07-16 18:05;MOTORCYCLE
Sao Paulo;2026-07-16;JANTAR FE 18H30-22H59;SP DEDICADO;Greentable - Bandeirantes;0;4;0.0%;2026-07-16 18:05;MOTORCYCLE
Sao Paulo;2026-07-16;JANTAR FDS 18H30-22H59;SP DEDICADO;Greentable - Bandeirantes;0;0;0%;2026-07-16 18:05;MOTORCYCLE
Sao Paulo;2026-07-16;JANTAR 18H30-21H59;SP DEDICADO;Nino Delivery - Itaim;0;0;0%;2026-07-16 18:05;Todos
Sao Paulo;2026-07-16;JANTAR FE 18H30-22H59;SP DEDICADO;Z Deli - Pinheiros;1;1;100.0%;2026-07-16 18:05;Todos
Sao Paulo;2026-07-16;JANTAR FDS 18H30-22H59;SP DEDICADO;Z Deli - Pinheiros;0;0;0%;2026-07-16 18:05;Todos
Sao Paulo;2026-07-16;JANTAR 18H30-23H59;SP DEDICADO;John's Burguer;0;0;0%;2026-07-16 18:05;MOTORCYCLE
Sao Paulo;2026-07-16;JANTAR CPS 18H30-21H29;SAO PAULO;PINHEIROS - SP;41;97;42.3%;2026-07-16 18:05;MOTORCYCLE
Sao Paulo;2026-07-16;JANTAR 18H30 - 21H29 FR;SP DEDICADO;Perdomo Doces e Bolos - Pinheiros;0;0;0%;2026-07-16 18:05;Todos
Sao Paulo;2026-07-16;JANTAR FE 18H30-22H59;SP DEDICADO;Pão Com Carne Hamburgueria - Mooca;0;3;0.0%;2026-07-16 18:05;Todos
Sao Paulo;2026-07-16;JANTAR FDS 18H30-22H59;SP DEDICADO;Pão Com Carne Hamburgueria - Mooca;0;0;0%;2026-07-16 18:05;Todos
Sao Paulo;2026-07-16;JANTAR FDS 18H30-22H29;SP DEDICADO;Sushi Fast - Santana;0;0;0%;2026-07-16 18:05;Todos
Sao Paulo;2026-07-16;JANTAR 18h30-22h29;SP DEDICADO;Vip Sushi - Santana;0;2;0.0%;2026-07-16 18:05;Todos
Sao Paulo;2026-07-16;JANTAR 18h30-22h29;SP DEDICADO;Perdomo Doces e Bolos - Tatuapé;0;1;0.0%;2026-07-16 18:05;Todos
Sao Paulo;2026-07-16;JANTAR FE 18H30-22H59;SP DEDICADO;Patties Santana;0;2;0.0%;2026-07-16 18:05;MOTORCYCLE
Sao Paulo;2026-07-16;JANTAR 18H30 - 21H29 FR;SAO PAULO;LIVRE;21;21;100.0%;2026-07-16 18:05;MOTORCYCLE
Sao Paulo;2026-07-16;JANTAR CPS 18H30-21H29;SAO PAULO;SAO PAULO - PARAISO - (MINI BTU FD);1;2;50.0%;2026-07-16 18:05;Todos
Sao Paulo;2026-07-16;JANTAR FE 18H30-20H59;SP DEDICADO;Greenjoy - Wraps & Saladas- Vila Olímpia;3;4;75.0%;2026-07-16 18:05;Todos
Sao Paulo;2026-07-16;JANTAR CPS 18H30-21H29;SAO PAULO;SAO PAULO - PINHEIROS - (MINI BTU FD);0;2;0.0%;2026-07-16 18:05;Todos
Sao Paulo;2026-07-16;JANTAR 18h30-22h29;SP DEDICADO;FE- Papila Pinheiros | HUB Virtual;8;9;88.9%;2026-07-16 18:05;Todos
Sao Paulo;2026-07-16;JANTAR 18h30-22h29;SP DEDICADO;FE- Vip Sushi Consolação | HUB Virtual;1;3;33.3%;2026-07-16 18:05;Todos
Sao Paulo;2026-07-16;JANTAR CPS 18H30-21H29;SAO PAULO;PERDIZES - SP;1;56;1.8%;2026-07-16 18:05;Todos
Sao Paulo;2026-07-16;JANTAR CPS 18H30-21H29;SAO PAULO;SAO PAULO - JARDINS - (MINI BTU FD);1;3;33.3%;2026-07-16 18:05;Todos
Sao Paulo;2026-07-16;JANTAR 18h30-22h29;SP DEDICADO;FE- Vip Sushi Itaquera | HUB Virtual;0;2;0.0%;2026-07-16 18:05;Todos
Sao Paulo;2026-07-16;JANTAR CPS 18H30-21H29;SAO PAULO;SAO PAULO - BROOKLIN - (MINI BTU FD);2;2;100.0%;2026-07-16 18:05;Todos
Sao Paulo;2026-07-16;JANTAR CPS 18H30-21H29;SAO PAULO;PERDIZES - SP;13;56;23.2%;2026-07-16 18:05;MOTORCYCLE
Sao Paulo;2026-07-16;JANTAR CPS 18H30-21H29;SAO PAULO;INTERLAGOS - SP;4;10;40.0%;2026-07-16 18:05;MOTORCYCLE
Sao Paulo;2026-07-16;JANTAR CPS 18H30-21H29;SAO PAULO;MOOCA - SP;10;42;23.8%;2026-07-16 18:05;MOTORCYCLE
Sao Paulo;2026-07-16;JANTAR CPS 18H30-21H29;SAO PAULO;ACLIMACAO - SP;5;40;12.5%;2026-07-16 18:05;MOTORCYCLE
Sao Paulo;2026-07-16;JANTAR CPS 18H30-21H29;SAO PAULO;ARICANDUVA - SP;5;11;45.5%;2026-07-16 18:05;MOTORCYCLE
Sao Paulo;2026-07-16;JANTAR CPS 18H30-21H29;SAO PAULO;CACHOEIRINHA - SP;13;69;18.8%;2026-07-16 18:05;MOTORCYCLE
Sao Paulo;2026-07-16;JANTAR CPS 18H30-21H29;SAO PAULO;ITAIM E BROOKLIN E INDIANAPOLIS - SP;32;132;24.2%;2026-07-16 18:05;MOTORCYCLE
Sao Paulo;2026-07-16;JANTAR CPS 18H30-21H29;SAO PAULO;JABAQUARA E SANTO AMARO - SP;5;37;13.5%;2026-07-16 18:05;MOTORCYCLE
Sao Paulo;2026-07-16;JANTAR CPS 18H30-21H29;SAO PAULO;CIDADE DAS FLORES - SP;16;49;32.7%;2026-07-16 18:05;MOTORCYCLE
Sao Paulo;2026-07-16;JANTAR CPS 18H30-21H29;SAO PAULO;MANDAQUI - SP;33;109;30.3%;2026-07-16 18:05;MOTORCYCLE
Sao Paulo;2026-07-16;JANTAR CPS 18H30-21H29;SAO PAULO;PANAMBY E VILA SONIA - SP;22;85;25.9%;2026-07-16 18:05;MOTORCYCLE
Sao Paulo;2026-07-16;JANTAR CPS 18H30-21H29;SAO PAULO;VILA GUILHERMINA - SP;3;14;21.4%;2026-07-16 18:05;MOTORCYCLE
Sao Paulo;2026-07-16;JANTAR CPS 18H30-21H29;SAO PAULO;TATUAPE - SP;14;45;31.1%;2026-07-16 18:05;MOTORCYCLE
Sao Paulo;2026-07-16;JANTAR CPS 18H30-21H29;SAO PAULO;VILA JAGUARA E JAGUARA - SP;20;51;39.2%;2026-07-16 18:05;MOTORCYCLE
Sao Paulo;2026-07-16;JANTAR CPS 18H30-21H29;SAO PAULO;VILA GUILHERMINA - SP;4;14;28.6%;2026-07-16 18:05;Todos
Sao Paulo;2026-07-16;JANTAR CPS 18H30-21H29;SAO PAULO;VILA JAGUARA E JAGUARA - SP;7;51;13.7%;2026-07-16 18:05;Todos
Sao Paulo;2026-07-16;JANTAR CPS 18H30-21H29;SAO PAULO;ACLIMACAO - SP;1;40;2.5%;2026-07-16 18:05;Todos
Sao Paulo;2026-07-16;JANTAR CPS 18H30-21H29;SAO PAULO;ARICANDUVA - SP;1;11;9.1%;2026-07-16 18:05;Todos
Sao Paulo;2026-07-16;JANTAR CPS 18H30-21H29;SAO PAULO;MANDAQUI - SP;45;109;41.3%;2026-07-16 18:05;Todos
Sao Paulo;2026-07-16;JANTAR CPS 18H30-21H29;SAO PAULO;CACHOEIRINHA - SP;13;69;18.8%;2026-07-16 18:05;Todos
Sao Paulo;2026-07-16;JANTAR CPS 18H30-21H29;SAO PAULO;CIDADE DAS FLORES - SP;3;49;6.1%;2026-07-16 18:05;Todos
Sao Paulo;2026-07-16;JANTAR CPS 18H30-21H29;SAO PAULO;INTERLAGOS - SP;3;10;30.0%;2026-07-16 18:05;Todos
Sao Paulo;2026-07-16;JANTAR CPS 18H30-21H29;SAO PAULO;ITAIM E BROOKLIN E INDIANAPOLIS - SP;16;132;12.1%;2026-07-16 18:05;Todos
Sao Paulo;2026-07-16;JANTAR CPS 18H30-21H29;SAO PAULO;JABAQUARA E SANTO AMARO - SP;4;37;10.8%;2026-07-16 18:05;Todos
Sao Paulo;2026-07-16;JANTAR CPS 18H30-21H29;SAO PAULO;MOOCA - SP;5;42;11.9%;2026-07-16 18:05;Todos
Sao Paulo;2026-07-16;JANTAR CPS 18H30-21H29;SAO PAULO;PANAMBY E VILA SONIA - SP;14;85;16.5%;2026-07-16 18:05;Todos
Sao Paulo;2026-07-16;JANTAR CPS 18H30-21H29;SAO PAULO;PINHEIROS - SP;7;97;7.2%;2026-07-16 18:05;Todos
Sao Paulo;2026-07-16;JANTAR CPS 18H30-21H29;SAO PAULO;TATUAPE - SP;1;45;2.2%;2026-07-16 18:05;Todos
Rio - Madureira;2026-07-16;TARDE CPS;RIO - ZONA SUL;VILA ISABEL E SAO CRISTOVAO;121;130;93.1%;2026-07-16 18:05;Todos
Rio - Madureira;2026-07-16;TARDE CPS;RIO - ZONA SUL;Rio Zona Sul - Centro;1;5;20.0%;2026-07-16 18:05;MOTORCYCLE
Rio - Madureira;2026-07-16;TARDE CPS;NITEROI;GRAGOATÁ;0;3;0.0%;2026-07-16 18:05;MOTORCYCLE
Rio - Madureira;2026-07-16;TARDE CPS;RIO - ZONA SUL;COPACABANA E BOTAFOGO;5;5;100.0%;2026-07-16 18:05;MOTORCYCLE
Rio - Madureira;2026-07-16;TARDE CPS;NITEROI;LIVRE;3;6;50.0%;2026-07-16 18:05;MOTORCYCLE
Rio - Madureira;2026-07-16;TARDE CPS;RIO - ZONA SUL;LIVRE;11;12;91.7%;2026-07-16 18:05;MOTORCYCLE
Rio - Madureira;2026-07-16;TARDE CPS;RIO - ZONA SUL;VILA ISABEL E SAO CRISTOVAO;3;5;60.0%;2026-07-16 18:05;MOTORCYCLE
Rio - Madureira;2026-07-16;TARDE CPS;NITEROI;ICARAÍ;0;3;0.0%;2026-07-16 18:05;MOTORCYCLE
Rio - Madureira;2026-07-16;TARDE CPS;RIO - BARRA;LIVRE;12;12;100.0%;2026-07-16 18:05;MOTORCYCLE
Rio - Madureira;2026-07-16;TARDE CPS;RIO - ZONA SUL;Rio Zona Sul - Centro;66;67;98.5%;2026-07-16 18:05;Todos
Rio - Madureira;2026-07-16;TARDE CPS;RIO - ZONA SUL;IPANEMA;1;5;20.0%;2026-07-16 18:05;MOTORCYCLE
Rio - Madureira;2026-07-16;TARDE CPS;RIO - ZONA SUL;CACHAMBI;5;5;100.0%;2026-07-16 18:05;MOTORCYCLE
Rio - Madureira;2026-07-16;TARDE CPS;RIO - ZONA SUL;CACHAMBI;42;42;100.0%;2026-07-16 18:05;Todos
Rio - Madureira;2026-07-16;TARDE CPS;RIO - ZONA SUL;COPACABANA E BOTAFOGO;113;113;100.0%;2026-07-16 18:05;Todos
Rio - Madureira;2026-07-16;TARDE CPS;RIO - ZONA SUL;IPANEMA;72;73;98.6%;2026-07-16 18:05;Todos
Rio - Madureira;2026-07-16;TARDE;RIO - BARRA;Rio Barra - Centro;3;3;100.0%;2026-07-16 18:05;MOTORCYCLE
Rio - Madureira;2026-07-16;TARDE;RIO - CAMPO GRANDE;MONTEIRO;1;4;25.0%;2026-07-16 18:05;MOTORCYCLE
Rio - Madureira;2026-07-16;TARDE;RIO - MADUREIRA;ROCHA MIRANDA;8;8;100.0%;2026-07-16 18:05;Todos
Rio - Madureira;2026-07-16;TARDE;RIO - MADUREIRA;PENHA;8;8;100.0%;2026-07-16 18:05;Todos
Rio - Madureira;2026-07-16;TARDE;RIO - BARRA;TAQUARA;2;3;66.7%;2026-07-16 18:05;MOTORCYCLE
Rio - Madureira;2026-07-16;TARDE;RIO - MADUREIRA;REALENGO;8;8;100.0%;2026-07-16 18:05;Todos
Rio - Madureira;2026-07-16;TARDE;RIO - MADUREIRA;IRAJÁ;6;8;75.0%;2026-07-16 18:05;Todos
Rio - Madureira;2026-07-16;TARDE;RIO - BARRA;JACAREPAGUA;34;37;91.9%;2026-07-16 18:05;Todos
Rio - Madureira;2026-07-16;TARDE;RIO - BARRA;RECREIO;84;100;84.0%;2026-07-16 18:05;Todos
Rio - Madureira;2026-07-16;TARDE;RIO - BARRA;TAQUARA;22;29;75.9%;2026-07-16 18:05;Todos
Rio - Madureira;2026-07-16;TARDE;RIO - BARRA;RECREIO;2;3;66.7%;2026-07-16 18:05;MOTORCYCLE
Rio - Madureira;2026-07-16;TARDE;RIO - CAMPO GRANDE;SANTA CRUZ;3;4;75.0%;2026-07-16 18:05;Todos
Rio - Madureira;2026-07-16;TARDE;RIO - BARRA;FREGUESIA;22;29;75.9%;2026-07-16 18:05;Todos
Rio - Madureira;2026-07-16;TARDE;RIO - BARRA;Rio Barra - Centro;116;116;100.0%;2026-07-16 18:05;Todos
Rio - Madureira;2026-07-16;TARDE;RIO - CAMPO GRANDE;CENTRO;0;4;0.0%;2026-07-16 18:05;MOTORCYCLE
Rio - Madureira;2026-07-16;TARDE;RIO - CAMPO GRANDE;CENTRO;5;12;41.7%;2026-07-16 18:05;Todos
Rio - Madureira;2026-07-16;TARDE;RIO - BARRA;FREGUESIA;0;3;0.0%;2026-07-16 18:05;MOTORCYCLE
Rio - Madureira;2026-07-16;TARDE;RIO - MADUREIRA;IRAJÁ;1;4;25.0%;2026-07-16 18:05;MOTORCYCLE
Rio - Madureira;2026-07-16;TARDE;RIO - BARRA;JACAREPAGUA;1;3;33.3%;2026-07-16 18:05;MOTORCYCLE
Rio - Madureira;2026-07-16;TARDE;RIO - CAMPO GRANDE;MONTEIRO;13;16;81.2%;2026-07-16 18:05;Todos
Rio - Madureira;2026-07-16;TARDE;RIO - MADUREIRA;PENHA;0;4;0.0%;2026-07-16 18:05;MOTORCYCLE
Rio - Madureira;2026-07-16;TARDE;RIO - MADUREIRA;REALENGO;2;4;50.0%;2026-07-16 18:05;MOTORCYCLE
Rio - Madureira;2026-07-16;TARDE;RIO - CAMPO GRANDE;SANTA CRUZ;0;4;0.0%;2026-07-16 18:05;MOTORCYCLE
Rio - Madureira;2026-07-16;TARDE;RIO - MADUREIRA;ROCHA MIRANDA;0;4;0.0%;2026-07-16 18:05;MOTORCYCLE
Rio - Madureira;2026-07-16;JANTAR CPS;RIO - BARRA;TAQUARA;2;3;66.7%;2026-07-16 18:05;MOTORCYCLE
Rio - Madureira;2026-07-16;JANTAR CPS;RIO - ZONA SUL;LIVRE;16;16;100.0%;2026-07-16 18:05;MOTORCYCLE
Rio - Madureira;2026-07-16;J6 JANTAR 18h00-22h59;RIO - CAMPO GRANDE;MONTEIRO;0;4;0.0%;2026-07-16 18:05;MOTORCYCLE
Rio - Madureira;2026-07-16;J6 JANTAR 18h00-22h59;RIO - MADUREIRA;REALENGO;8;8;100.0%;2026-07-16 18:05;Todos
Rio - Madureira;2026-07-16;JANTAR CPS;RIO - BARRA;Rio Barra - Centro;112;115;97.4%;2026-07-16 18:05;Todos
Rio - Madureira;2026-07-16;J6 JANTAR 18h00-22h59;RIO - MADUREIRA;IRAJÁ;7;12;58.3%;2026-07-16 18:05;Todos
Rio - Madureira;2026-07-16;J6 JANTAR 18h00-22h59;RIO - MADUREIRA;PENHA;5;8;62.5%;2026-07-16 18:05;Todos
Rio - Madureira;2026-07-16;J6 JANTAR 18h00-22h59;RIO - MADUREIRA;PENHA;0;4;0.0%;2026-07-16 18:05;MOTORCYCLE
Rio - Madureira;2026-07-16;J6 JANTAR 18h00-22h59;RIO - CAMPO GRANDE;MONTEIRO;14;16;87.5%;2026-07-16 18:05;Todos
Rio - Madureira;2026-07-16;JANTAR CPS;RIO - ZONA SUL;Rio Zona Sul - Centro;73;73;100.0%;2026-07-16 18:05;Todos
Rio - Madureira;2026-07-16;J6 JANTAR 18h00-22h59;RIO - MADUREIRA;ROCHA MIRANDA;8;8;100.0%;2026-07-16 18:05;Todos
Rio - Madureira;2026-07-16;J6 JANTAR 18h00-22h59;RIO - MADUREIRA;REALENGO;3;4;75.0%;2026-07-16 18:05;MOTORCYCLE
Rio - Madureira;2026-07-16;JANTAR CPS;RIO - ZONA SUL;COPACABANA E BOTAFOGO;131;136;96.3%;2026-07-16 18:05;Todos
Rio - Madureira;2026-07-16;JANTAR CPS;RIO - BARRA;RECREIO;3;3;100.0%;2026-07-16 18:05;MOTORCYCLE
Rio - Madureira;2026-07-16;JANTAR CPS;RIO - BARRA;FREGUESIA;28;36;77.8%;2026-07-16 18:05;Todos
Rio - Madureira;2026-07-16;JANTAR CPS;RIO - BARRA;JACAREPAGUA;41;46;89.1%;2026-07-16 18:05;Todos
Rio - Madureira;2026-07-16;J6 JANTAR 18h00-22h59;RIO - CAMPO GRANDE;SANTA CRUZ;0;4;0.0%;2026-07-16 18:05;MOTORCYCLE
Rio - Madureira;2026-07-16;JANTAR CPS;NITEROI;LIVRE;2;6;33.3%;2026-07-16 18:05;MOTORCYCLE
Rio - Madureira;2026-07-16;JANTAR CPS;RIO - BARRA;RECREIO;87;132;65.9%;2026-07-16 18:05;Todos
Rio - Madureira;2026-07-16;J6 JANTAR 18h00-22h59;RIO - MADUREIRA;ROCHA MIRANDA;0;4;0.0%;2026-07-16 18:05;MOTORCYCLE
Rio - Madureira;2026-07-16;JANTAR CPS 2230;RIO - ZONA SUL;CACHAMBI;2;5;40.0%;2026-07-16 18:05;MOTORCYCLE
Rio - Madureira;2026-07-16;JANTAR CPS;RIO - ZONA SUL;VILA ISABEL E SAO CRISTOVAO;95;138;68.8%;2026-07-16 18:05;Todos
Rio - Madureira;2026-07-16;JANTAR CPS;RIO - BARRA;Rio Barra - Centro;3;3;100.0%;2026-07-16 18:05;MOTORCYCLE
Rio - Madureira;2026-07-16;JANTAR CPS;NITEROI;ICARAÍ;0;3;0.0%;2026-07-16 18:05;MOTORCYCLE
Rio - Madureira;2026-07-16;J6 JANTAR 18h00-22h59;RIO - CAMPO GRANDE;CENTRO;7;12;58.3%;2026-07-16 18:05;Todos
Rio - Madureira;2026-07-16;J6 JANTAR 18h00-22h59;RIO - CAMPO GRANDE;CENTRO;0;4;0.0%;2026-07-16 18:05;MOTORCYCLE
Rio - Madureira;2026-07-16;JANTAR CPS;NITEROI;GRAGOATÁ;0;3;0.0%;2026-07-16 18:05;MOTORCYCLE
Rio - Madureira;2026-07-16;JANTAR CPS;RIO - ZONA SUL;Rio Zona Sul - Centro;1;5;20.0%;2026-07-16 18:05;MOTORCYCLE
Rio - Madureira;2026-07-16;J6 JANTAR 18h00-22h59;RIO - CAMPO GRANDE;SANTA CRUZ;4;4;100.0%;2026-07-16 18:05;Todos
Rio - Madureira;2026-07-16;JANTAR CPS;RIO - ZONA SUL;CACHAMBI;5;5;100.0%;2026-07-16 18:05;MOTORCYCLE
Rio - Madureira;2026-07-16;JANTAR CPS 2230;RIO - ZONA SUL;VILA ISABEL E SAO CRISTOVAO;11;11;100.0%;2026-07-16 18:05;Todos
Rio - Madureira;2026-07-16;JANTAR CPS;RIO - ZONA SUL;COPACABANA E BOTAFOGO;2;5;40.0%;2026-07-16 18:05;MOTORCYCLE
Rio - Madureira;2026-07-16;JANTAR CPS 2230;RIO - ZONA SUL;COPACABANA E BOTAFOGO;1;5;20.0%;2026-07-16 18:05;MOTORCYCLE
Rio - Madureira;2026-07-16;JANTAR CPS 2230;RIO - ZONA SUL;IPANEMA;4;4;100.0%;2026-07-16 18:05;Todos
Rio - Madureira;2026-07-16;JANTAR CPS 2230;RIO - ZONA SUL;COPACABANA E BOTAFOGO;4;4;100.0%;2026-07-16 18:05;Todos
Rio - Madureira;2026-07-16;JANTAR CPS;RIO - ZONA SUL;IPANEMA;58;92;63.0%;2026-07-16 18:05;Todos
Rio - Madureira;2026-07-16;JANTAR CPS;RIO - BARRA;FREGUESIA;0;3;0.0%;2026-07-16 18:05;MOTORCYCLE
Rio - Madureira;2026-07-16;JANTAR CPS;RIO - ZONA SUL;CACHAMBI;56;56;100.0%;2026-07-16 18:05;Todos
Rio - Madureira;2026-07-16;JANTAR 18H00-23H59;RJ DEDICADO;TT Burger - Recreio dos Bandeirantes;3;3;100.0%;2026-07-16 18:05;Todos
Rio - Madureira;2026-07-16;JANTAR CPS 2230;RIO - ZONA SUL;IPANEMA;2;5;40.0%;2026-07-16 18:05;MOTORCYCLE
Rio - Madureira;2026-07-16;JANTAR CPS;RIO - ZONA SUL;IPANEMA;3;5;60.0%;2026-07-16 18:05;MOTORCYCLE
Rio - Madureira;2026-07-16;JANTAR CPS;RIO - BARRA;TAQUARA;20;36;55.6%;2026-07-16 18:05;Todos
Rio - Madureira;2026-07-16;JANTAR CPS 2230;RIO - ZONA SUL;CACHAMBI;5;5;100.0%;2026-07-16 18:05;Todos
Rio - Madureira;2026-07-16;JANTAR CPS;RIO - BARRA;LIVRE;11;12;91.7%;2026-07-16 18:05;MOTORCYCLE
Rio - Madureira;2026-07-16;JANTAR CPS 2230;RIO - ZONA SUL;VILA ISABEL E SAO CRISTOVAO;3;5;60.0%;2026-07-16 18:05;MOTORCYCLE
Rio - Madureira;2026-07-16;J6 JANTAR 18h00-22h59;RIO - MADUREIRA;IRAJÁ;1;4;25.0%;2026-07-16 18:05;MOTORCYCLE
Rio - Madureira;2026-07-16;JANTAR CPS;RIO - BARRA;JACAREPAGUA;3;3;100.0%;2026-07-16 18:05;MOTORCYCLE
Rio - Madureira;2026-07-16;JANTAR CPS;RIO - ZONA SUL;VILA ISABEL E SAO CRISTOVAO;3;5;60.0%;2026-07-16 18:05;MOTORCYCLE
Rio - Madureira;2026-07-16;JANTAR 18H30-23H59;RJ DEDICADO;FE- TT Burger Olegário Maciel | HUB Virtual;3;4;75.0%;2026-07-16 18:05;Todos
Rio - Barra;2026-07-16;TARDE CPS;RIO - ZONA SUL;VILA ISABEL E SAO CRISTOVAO;121;130;93.1%;2026-07-16 18:05;Todos
Rio - Barra;2026-07-16;TARDE CPS;RIO - ZONA SUL;Rio Zona Sul - Centro;1;5;20.0%;2026-07-16 18:05;MOTORCYCLE
Rio - Barra;2026-07-16;TARDE CPS;NITEROI;GRAGOATÁ;0;3;0.0%;2026-07-16 18:05;MOTORCYCLE
Rio - Barra;2026-07-16;TARDE CPS;RIO - ZONA SUL;COPACABANA E BOTAFOGO;5;5;100.0%;2026-07-16 18:05;MOTORCYCLE
Rio - Barra;2026-07-16;TARDE CPS;NITEROI;LIVRE;3;6;50.0%;2026-07-16 18:05;MOTORCYCLE
Rio - Barra;2026-07-16;TARDE CPS;RIO - ZONA SUL;LIVRE;11;12;91.7%;2026-07-16 18:05;MOTORCYCLE
Rio - Barra;2026-07-16;TARDE CPS;RIO - ZONA SUL;VILA ISABEL E SAO CRISTOVAO;3;5;60.0%;2026-07-16 18:05;MOTORCYCLE
Rio - Barra;2026-07-16;TARDE CPS;NITEROI;ICARAÍ;0;3;0.0%;2026-07-16 18:05;MOTORCYCLE
Rio - Barra;2026-07-16;TARDE CPS;RIO - BARRA;LIVRE;12;12;100.0%;2026-07-16 18:05;MOTORCYCLE
Rio - Barra;2026-07-16;TARDE CPS;RIO - ZONA SUL;Rio Zona Sul - Centro;66;67;98.5%;2026-07-16 18:05;Todos
Rio - Barra;2026-07-16;TARDE CPS;RIO - ZONA SUL;IPANEMA;1;5;20.0%;2026-07-16 18:05;MOTORCYCLE
Rio - Barra;2026-07-16;TARDE CPS;RIO - ZONA SUL;CACHAMBI;5;5;100.0%;2026-07-16 18:05;MOTORCYCLE
Rio - Barra;2026-07-16;TARDE CPS;RIO - ZONA SUL;CACHAMBI;42;42;100.0%;2026-07-16 18:05;Todos
Rio - Barra;2026-07-16;TARDE CPS;RIO - ZONA SUL;COPACABANA E BOTAFOGO;113;113;100.0%;2026-07-16 18:05;Todos
Rio - Barra;2026-07-16;TARDE CPS;RIO - ZONA SUL;IPANEMA;72;73;98.6%;2026-07-16 18:05;Todos
Rio - Barra;2026-07-16;TARDE;RIO - BARRA;Rio Barra - Centro;3;3;100.0%;2026-07-16 18:05;MOTORCYCLE
Rio - Barra;2026-07-16;TARDE;RIO - CAMPO GRANDE;MONTEIRO;1;4;25.0%;2026-07-16 18:05;MOTORCYCLE
Rio - Barra;2026-07-16;TARDE;RIO - MADUREIRA;ROCHA MIRANDA;8;8;100.0%;2026-07-16 18:05;Todos
Rio - Barra;2026-07-16;TARDE;RIO - MADUREIRA;PENHA;8;8;100.0%;2026-07-16 18:05;Todos
Rio - Barra;2026-07-16;TARDE;RIO - BARRA;TAQUARA;2;3;66.7%;2026-07-16 18:05;MOTORCYCLE
Rio - Barra;2026-07-16;TARDE;RIO - MADUREIRA;REALENGO;8;8;100.0%;2026-07-16 18:05;Todos
Rio - Barra;2026-07-16;TARDE;RIO - MADUREIRA;IRAJÁ;6;8;75.0%;2026-07-16 18:05;Todos
Rio - Barra;2026-07-16;TARDE;RIO - BARRA;JACAREPAGUA;34;37;91.9%;2026-07-16 18:05;Todos
Rio - Barra;2026-07-16;TARDE;RIO - BARRA;RECREIO;84;100;84.0%;2026-07-16 18:05;Todos
Rio - Barra;2026-07-16;TARDE;RIO - BARRA;TAQUARA;22;29;75.9%;2026-07-16 18:05;Todos
Rio - Barra;2026-07-16;TARDE;RIO - BARRA;RECREIO;2;3;66.7%;2026-07-16 18:05;MOTORCYCLE
Rio - Barra;2026-07-16;TARDE;RIO - CAMPO GRANDE;SANTA CRUZ;3;4;75.0%;2026-07-16 18:05;Todos
Rio - Barra;2026-07-16;TARDE;RIO - BARRA;FREGUESIA;22;29;75.9%;2026-07-16 18:05;Todos
Rio - Barra;2026-07-16;TARDE;RIO - BARRA;Rio Barra - Centro;116;116;100.0%;2026-07-16 18:05;Todos
Rio - Barra;2026-07-16;TARDE;RIO - CAMPO GRANDE;CENTRO;0;4;0.0%;2026-07-16 18:05;MOTORCYCLE
Rio - Barra;2026-07-16;TARDE;RIO - CAMPO GRANDE;CENTRO;5;12;41.7%;2026-07-16 18:05;Todos
Rio - Barra;2026-07-16;TARDE;RIO - BARRA;FREGUESIA;0;3;0.0%;2026-07-16 18:05;MOTORCYCLE
Rio - Barra;2026-07-16;TARDE;RIO - MADUREIRA;IRAJÁ;1;4;25.0%;2026-07-16 18:05;MOTORCYCLE
Rio - Barra;2026-07-16;TARDE;RIO - BARRA;JACAREPAGUA;1;3;33.3%;2026-07-16 18:05;MOTORCYCLE
Rio - Barra;2026-07-16;TARDE;RIO - CAMPO GRANDE;MONTEIRO;13;16;81.2%;2026-07-16 18:05;Todos
Rio - Barra;2026-07-16;TARDE;RIO - MADUREIRA;PENHA;0;4;0.0%;2026-07-16 18:05;MOTORCYCLE
Rio - Barra;2026-07-16;TARDE;RIO - MADUREIRA;REALENGO;2;4;50.0%;2026-07-16 18:05;MOTORCYCLE
Rio - Barra;2026-07-16;TARDE;RIO - CAMPO GRANDE;SANTA CRUZ;0;4;0.0%;2026-07-16 18:05;MOTORCYCLE
Rio - Barra;2026-07-16;TARDE;RIO - MADUREIRA;ROCHA MIRANDA;0;4;0.0%;2026-07-16 18:05;MOTORCYCLE
Rio - Barra;2026-07-16;JANTAR CPS;RIO - BARRA;TAQUARA;2;3;66.7%;2026-07-16 18:05;MOTORCYCLE
Rio - Barra;2026-07-16;JANTAR CPS;RIO - ZONA SUL;LIVRE;16;16;100.0%;2026-07-16 18:05;MOTORCYCLE
Rio - Barra;2026-07-16;J6 JANTAR 18h00-22h59;RIO - CAMPO GRANDE;MONTEIRO;0;4;0.0%;2026-07-16 18:05;MOTORCYCLE
Rio - Barra;2026-07-16;J6 JANTAR 18h00-22h59;RIO - MADUREIRA;REALENGO;8;8;100.0%;2026-07-16 18:05;Todos
Rio - Barra;2026-07-16;JANTAR CPS;RIO - BARRA;Rio Barra - Centro;112;115;97.4%;2026-07-16 18:05;Todos
Rio - Barra;2026-07-16;J6 JANTAR 18h00-22h59;RIO - MADUREIRA;IRAJÁ;7;12;58.3%;2026-07-16 18:05;Todos
Rio - Barra;2026-07-16;J6 JANTAR 18h00-22h59;RIO - MADUREIRA;PENHA;5;8;62.5%;2026-07-16 18:05;Todos
Rio - Barra;2026-07-16;J6 JANTAR 18h00-22h59;RIO - MADUREIRA;PENHA;0;4;0.0%;2026-07-16 18:05;MOTORCYCLE
Rio - Barra;2026-07-16;J6 JANTAR 18h00-22h59;RIO - CAMPO GRANDE;MONTEIRO;14;16;87.5%;2026-07-16 18:05;Todos
Rio - Barra;2026-07-16;JANTAR CPS;RIO - ZONA SUL;Rio Zona Sul - Centro;73;73;100.0%;2026-07-16 18:05;Todos
Rio - Barra;2026-07-16;J6 JANTAR 18h00-22h59;RIO - MADUREIRA;ROCHA MIRANDA;8;8;100.0%;2026-07-16 18:05;Todos
Rio - Barra;2026-07-16;J6 JANTAR 18h00-22h59;RIO - MADUREIRA;REALENGO;3;4;75.0%;2026-07-16 18:05;MOTORCYCLE
Rio - Barra;2026-07-16;JANTAR CPS;RIO - ZONA SUL;COPACABANA E BOTAFOGO;131;136;96.3%;2026-07-16 18:05;Todos
Rio - Barra;2026-07-16;JANTAR CPS;RIO - BARRA;RECREIO;3;3;100.0%;2026-07-16 18:05;MOTORCYCLE
Rio - Barra;2026-07-16;JANTAR CPS;RIO - BARRA;FREGUESIA;28;36;77.8%;2026-07-16 18:05;Todos
Rio - Barra;2026-07-16;JANTAR CPS;RIO - BARRA;JACAREPAGUA;41;46;89.1%;2026-07-16 18:05;Todos
Rio - Barra;2026-07-16;J6 JANTAR 18h00-22h59;RIO - CAMPO GRANDE;SANTA CRUZ;0;4;0.0%;2026-07-16 18:05;MOTORCYCLE
Rio - Barra;2026-07-16;JANTAR CPS;NITEROI;LIVRE;2;6;33.3%;2026-07-16 18:05;MOTORCYCLE
Rio - Barra;2026-07-16;JANTAR CPS;RIO - BARRA;RECREIO;87;132;65.9%;2026-07-16 18:05;Todos
Rio - Barra;2026-07-16;J6 JANTAR 18h00-22h59;RIO - MADUREIRA;ROCHA MIRANDA;0;4;0.0%;2026-07-16 18:05;MOTORCYCLE
Rio - Barra;2026-07-16;JANTAR CPS 2230;RIO - ZONA SUL;CACHAMBI;2;5;40.0%;2026-07-16 18:05;MOTORCYCLE
Rio - Barra;2026-07-16;JANTAR CPS;RIO - ZONA SUL;VILA ISABEL E SAO CRISTOVAO;95;138;68.8%;2026-07-16 18:05;Todos
Rio - Barra;2026-07-16;JANTAR CPS;RIO - BARRA;Rio Barra - Centro;3;3;100.0%;2026-07-16 18:05;MOTORCYCLE
Rio - Barra;2026-07-16;JANTAR CPS;NITEROI;ICARAÍ;0;3;0.0%;2026-07-16 18:05;MOTORCYCLE
Rio - Barra;2026-07-16;J6 JANTAR 18h00-22h59;RIO - CAMPO GRANDE;CENTRO;7;12;58.3%;2026-07-16 18:05;Todos
Rio - Barra;2026-07-16;J6 JANTAR 18h00-22h59;RIO - CAMPO GRANDE;CENTRO;0;4;0.0%;2026-07-16 18:05;MOTORCYCLE
Rio - Barra;2026-07-16;JANTAR CPS;NITEROI;GRAGOATÁ;0;3;0.0%;2026-07-16 18:05;MOTORCYCLE
Rio - Barra;2026-07-16;JANTAR CPS;RIO - ZONA SUL;Rio Zona Sul - Centro;1;5;20.0%;2026-07-16 18:05;MOTORCYCLE
Rio - Barra;2026-07-16;J6 JANTAR 18h00-22h59;RIO - CAMPO GRANDE;SANTA CRUZ;4;4;100.0%;2026-07-16 18:05;Todos
Rio - Barra;2026-07-16;JANTAR CPS;RIO - ZONA SUL;CACHAMBI;5;5;100.0%;2026-07-16 18:05;MOTORCYCLE
Rio - Barra;2026-07-16;JANTAR CPS 2230;RIO - ZONA SUL;VILA ISABEL E SAO CRISTOVAO;11;11;100.0%;2026-07-16 18:05;Todos
Rio - Barra;2026-07-16;JANTAR CPS;RIO - ZONA SUL;COPACABANA E BOTAFOGO;2;5;40.0%;2026-07-16 18:05;MOTORCYCLE
Rio - Barra;2026-07-16;JANTAR CPS 2230;RIO - ZONA SUL;COPACABANA E BOTAFOGO;1;5;20.0%;2026-07-16 18:05;MOTORCYCLE
Rio - Barra;2026-07-16;JANTAR CPS 2230;RIO - ZONA SUL;IPANEMA;4;4;100.0%;2026-07-16 18:05;Todos
Rio - Barra;2026-07-16;JANTAR CPS 2230;RIO - ZONA SUL;COPACABANA E BOTAFOGO;4;4;100.0%;2026-07-16 18:05;Todos
Rio - Barra;2026-07-16;JANTAR CPS;RIO - ZONA SUL;IPANEMA;58;92;63.0%;2026-07-16 18:05;Todos
Rio - Barra;2026-07-16;JANTAR CPS;RIO - BARRA;FREGUESIA;0;3;0.0%;2026-07-16 18:05;MOTORCYCLE
Rio - Barra;2026-07-16;JANTAR CPS;RIO - ZONA SUL;CACHAMBI;56;56;100.0%;2026-07-16 18:05;Todos
Rio - Barra;2026-07-16;JANTAR 18H00-23H59;RJ DEDICADO;TT Burger - Recreio dos Bandeirantes;3;3;100.0%;2026-07-16 18:05;Todos
Rio - Barra;2026-07-16;JANTAR CPS 2230;RIO - ZONA SUL;IPANEMA;2;5;40.0%;2026-07-16 18:05;MOTORCYCLE
Rio - Barra;2026-07-16;JANTAR CPS;RIO - ZONA SUL;IPANEMA;3;5;60.0%;2026-07-16 18:05;MOTORCYCLE
Rio - Barra;2026-07-16;JANTAR CPS;RIO - BARRA;TAQUARA;20;36;55.6%;2026-07-16 18:05;Todos
Rio - Barra;2026-07-16;JANTAR CPS 2230;RIO - ZONA SUL;CACHAMBI;5;5;100.0%;2026-07-16 18:05;Todos
Rio - Barra;2026-07-16;JANTAR CPS;RIO - BARRA;LIVRE;11;12;91.7%;2026-07-16 18:05;MOTORCYCLE
Rio - Barra;2026-07-16;JANTAR CPS 2230;RIO - ZONA SUL;VILA ISABEL E SAO CRISTOVAO;3;5;60.0%;2026-07-16 18:05;MOTORCYCLE
Rio - Barra;2026-07-16;J6 JANTAR 18h00-22h59;RIO - MADUREIRA;IRAJÁ;1;4;25.0%;2026-07-16 18:05;MOTORCYCLE
Rio - Barra;2026-07-16;JANTAR CPS;RIO - BARRA;JACAREPAGUA;3;3;100.0%;2026-07-16 18:05;MOTORCYCLE
Rio - Barra;2026-07-16;JANTAR CPS;RIO - ZONA SUL;VILA ISABEL E SAO CRISTOVAO;3;5;60.0%;2026-07-16 18:05;MOTORCYCLE
Rio - Barra;2026-07-16;JANTAR 18H30-23H59;RJ DEDICADO;FE- TT Burger Olegário Maciel | HUB Virtual;3;4;75.0%;2026-07-16 18:05;Todos
Rio - Zona Sul;2026-07-16;TARDE CPS;RIO - ZONA SUL;VILA ISABEL E SAO CRISTOVAO;121;130;93.1%;2026-07-16 18:05;Todos
Rio - Zona Sul;2026-07-16;TARDE CPS;RIO - ZONA SUL;Rio Zona Sul - Centro;1;5;20.0%;2026-07-16 18:05;MOTORCYCLE
Rio - Zona Sul;2026-07-16;TARDE CPS;NITEROI;GRAGOATÁ;0;3;0.0%;2026-07-16 18:05;MOTORCYCLE
Rio - Zona Sul;2026-07-16;TARDE CPS;RIO - ZONA SUL;COPACABANA E BOTAFOGO;5;5;100.0%;2026-07-16 18:05;MOTORCYCLE
Rio - Zona Sul;2026-07-16;TARDE CPS;NITEROI;LIVRE;3;6;50.0%;2026-07-16 18:05;MOTORCYCLE
Rio - Zona Sul;2026-07-16;TARDE CPS;RIO - ZONA SUL;LIVRE;11;12;91.7%;2026-07-16 18:05;MOTORCYCLE
Rio - Zona Sul;2026-07-16;TARDE CPS;RIO - ZONA SUL;VILA ISABEL E SAO CRISTOVAO;3;5;60.0%;2026-07-16 18:05;MOTORCYCLE
Rio - Zona Sul;2026-07-16;TARDE CPS;NITEROI;ICARAÍ;0;3;0.0%;2026-07-16 18:05;MOTORCYCLE
Rio - Zona Sul;2026-07-16;TARDE CPS;RIO - BARRA;LIVRE;12;12;100.0%;2026-07-16 18:05;MOTORCYCLE
Rio - Zona Sul;2026-07-16;TARDE CPS;RIO - ZONA SUL;Rio Zona Sul - Centro;66;67;98.5%;2026-07-16 18:05;Todos
Rio - Zona Sul;2026-07-16;TARDE CPS;RIO - ZONA SUL;IPANEMA;1;5;20.0%;2026-07-16 18:05;MOTORCYCLE
Rio - Zona Sul;2026-07-16;TARDE CPS;RIO - ZONA SUL;CACHAMBI;5;5;100.0%;2026-07-16 18:05;MOTORCYCLE
Rio - Zona Sul;2026-07-16;TARDE CPS;RIO - ZONA SUL;CACHAMBI;42;42;100.0%;2026-07-16 18:05;Todos
Rio - Zona Sul;2026-07-16;TARDE CPS;RIO - ZONA SUL;COPACABANA E BOTAFOGO;113;113;100.0%;2026-07-16 18:05;Todos
Rio - Zona Sul;2026-07-16;TARDE CPS;RIO - ZONA SUL;IPANEMA;72;73;98.6%;2026-07-16 18:05;Todos
Rio - Zona Sul;2026-07-16;TARDE;RIO - BARRA;Rio Barra - Centro;3;3;100.0%;2026-07-16 18:05;MOTORCYCLE
Rio - Zona Sul;2026-07-16;TARDE;RIO - CAMPO GRANDE;MONTEIRO;1;4;25.0%;2026-07-16 18:05;MOTORCYCLE
Rio - Zona Sul;2026-07-16;TARDE;RIO - MADUREIRA;ROCHA MIRANDA;8;8;100.0%;2026-07-16 18:05;Todos
Rio - Zona Sul;2026-07-16;TARDE;RIO - MADUREIRA;PENHA;8;8;100.0%;2026-07-16 18:05;Todos
Rio - Zona Sul;2026-07-16;TARDE;RIO - BARRA;TAQUARA;2;3;66.7%;2026-07-16 18:05;MOTORCYCLE
Rio - Zona Sul;2026-07-16;TARDE;RIO - MADUREIRA;REALENGO;8;8;100.0%;2026-07-16 18:05;Todos
Rio - Zona Sul;2026-07-16;TARDE;RIO - MADUREIRA;IRAJÁ;6;8;75.0%;2026-07-16 18:05;Todos
Rio - Zona Sul;2026-07-16;TARDE;RIO - BARRA;JACAREPAGUA;34;37;91.9%;2026-07-16 18:05;Todos
Rio - Zona Sul;2026-07-16;TARDE;RIO - BARRA;RECREIO;84;100;84.0%;2026-07-16 18:05;Todos
Rio - Zona Sul;2026-07-16;TARDE;RIO - BARRA;TAQUARA;22;29;75.9%;2026-07-16 18:05;Todos
Rio - Zona Sul;2026-07-16;TARDE;RIO - BARRA;RECREIO;2;3;66.7%;2026-07-16 18:05;MOTORCYCLE
Rio - Zona Sul;2026-07-16;TARDE;RIO - CAMPO GRANDE;SANTA CRUZ;3;4;75.0%;2026-07-16 18:05;Todos
Rio - Zona Sul;2026-07-16;TARDE;RIO - BARRA;FREGUESIA;22;29;75.9%;2026-07-16 18:05;Todos
Rio - Zona Sul;2026-07-16;TARDE;RIO - BARRA;Rio Barra - Centro;116;116;100.0%;2026-07-16 18:05;Todos
Rio - Zona Sul;2026-07-16;TARDE;RIO - CAMPO GRANDE;CENTRO;0;4;0.0%;2026-07-16 18:05;MOTORCYCLE
Rio - Zona Sul;2026-07-16;TARDE;RIO - CAMPO GRANDE;CENTRO;5;12;41.7%;2026-07-16 18:05;Todos
Rio - Zona Sul;2026-07-16;TARDE;RIO - BARRA;FREGUESIA;0;3;0.0%;2026-07-16 18:05;MOTORCYCLE
Rio - Zona Sul;2026-07-16;TARDE;RIO - MADUREIRA;IRAJÁ;1;4;25.0%;2026-07-16 18:05;MOTORCYCLE
Rio - Zona Sul;2026-07-16;TARDE;RIO - BARRA;JACAREPAGUA;1;3;33.3%;2026-07-16 18:05;MOTORCYCLE
Rio - Zona Sul;2026-07-16;TARDE;RIO - CAMPO GRANDE;MONTEIRO;13;16;81.2%;2026-07-16 18:05;Todos
Rio - Zona Sul;2026-07-16;TARDE;RIO - MADUREIRA;PENHA;0;4;0.0%;2026-07-16 18:05;MOTORCYCLE
Rio - Zona Sul;2026-07-16;TARDE;RIO - MADUREIRA;REALENGO;2;4;50.0%;2026-07-16 18:05;MOTORCYCLE
Rio - Zona Sul;2026-07-16;TARDE;RIO - CAMPO GRANDE;SANTA CRUZ;0;4;0.0%;2026-07-16 18:05;MOTORCYCLE
Rio - Zona Sul;2026-07-16;TARDE;RIO - MADUREIRA;ROCHA MIRANDA;0;4;0.0%;2026-07-16 18:05;MOTORCYCLE
Rio - Zona Sul;2026-07-16;JANTAR CPS;RIO - BARRA;TAQUARA;2;3;66.7%;2026-07-16 18:05;MOTORCYCLE
Rio - Zona Sul;2026-07-16;JANTAR CPS;RIO - ZONA SUL;LIVRE;16;16;100.0%;2026-07-16 18:05;MOTORCYCLE
Rio - Zona Sul;2026-07-16;J6 JANTAR 18h00-22h59;RIO - CAMPO GRANDE;MONTEIRO;0;4;0.0%;2026-07-16 18:05;MOTORCYCLE
Rio - Zona Sul;2026-07-16;J6 JANTAR 18h00-22h59;RIO - MADUREIRA;REALENGO;8;8;100.0%;2026-07-16 18:05;Todos
Rio - Zona Sul;2026-07-16;JANTAR CPS;RIO - BARRA;Rio Barra - Centro;112;115;97.4%;2026-07-16 18:05;Todos
Rio - Zona Sul;2026-07-16;J6 JANTAR 18h00-22h59;RIO - MADUREIRA;IRAJÁ;7;12;58.3%;2026-07-16 18:05;Todos
Rio - Zona Sul;2026-07-16;J6 JANTAR 18h00-22h59;RIO - MADUREIRA;PENHA;5;8;62.5%;2026-07-16 18:05;Todos
Rio - Zona Sul;2026-07-16;J6 JANTAR 18h00-22h59;RIO - MADUREIRA;PENHA;0;4;0.0%;2026-07-16 18:05;MOTORCYCLE
Rio - Zona Sul;2026-07-16;J6 JANTAR 18h00-22h59;RIO - CAMPO GRANDE;MONTEIRO;14;16;87.5%;2026-07-16 18:05;Todos
Rio - Zona Sul;2026-07-16;JANTAR CPS;RIO - ZONA SUL;Rio Zona Sul - Centro;73;73;100.0%;2026-07-16 18:05;Todos
Rio - Zona Sul;2026-07-16;J6 JANTAR 18h00-22h59;RIO - MADUREIRA;ROCHA MIRANDA;8;8;100.0%;2026-07-16 18:05;Todos
Rio - Zona Sul;2026-07-16;J6 JANTAR 18h00-22h59;RIO - MADUREIRA;REALENGO;3;4;75.0%;2026-07-16 18:05;MOTORCYCLE
Rio - Zona Sul;2026-07-16;JANTAR CPS;RIO - ZONA SUL;COPACABANA E BOTAFOGO;131;136;96.3%;2026-07-16 18:05;Todos
Rio - Zona Sul;2026-07-16;JANTAR CPS;RIO - BARRA;RECREIO;3;3;100.0%;2026-07-16 18:05;MOTORCYCLE
Rio - Zona Sul;2026-07-16;JANTAR CPS;RIO - BARRA;FREGUESIA;28;36;77.8%;2026-07-16 18:05;Todos
Rio - Zona Sul;2026-07-16;JANTAR CPS;RIO - BARRA;JACAREPAGUA;41;46;89.1%;2026-07-16 18:05;Todos
Rio - Zona Sul;2026-07-16;J6 JANTAR 18h00-22h59;RIO - CAMPO GRANDE;SANTA CRUZ;0;4;0.0%;2026-07-16 18:05;MOTORCYCLE
Rio - Zona Sul;2026-07-16;JANTAR CPS;NITEROI;LIVRE;2;6;33.3%;2026-07-16 18:05;MOTORCYCLE
Rio - Zona Sul;2026-07-16;JANTAR CPS;RIO - BARRA;RECREIO;87;132;65.9%;2026-07-16 18:05;Todos
Rio - Zona Sul;2026-07-16;J6 JANTAR 18h00-22h59;RIO - MADUREIRA;ROCHA MIRANDA;0;4;0.0%;2026-07-16 18:05;MOTORCYCLE
Rio - Zona Sul;2026-07-16;JANTAR CPS 2230;RIO - ZONA SUL;CACHAMBI;2;5;40.0%;2026-07-16 18:05;MOTORCYCLE
Rio - Zona Sul;2026-07-16;JANTAR CPS;RIO - ZONA SUL;VILA ISABEL E SAO CRISTOVAO;95;138;68.8%;2026-07-16 18:05;Todos
Rio - Zona Sul;2026-07-16;JANTAR CPS;RIO - BARRA;Rio Barra - Centro;3;3;100.0%;2026-07-16 18:05;MOTORCYCLE
Rio - Zona Sul;2026-07-16;JANTAR CPS;NITEROI;ICARAÍ;0;3;0.0%;2026-07-16 18:05;MOTORCYCLE
Rio - Zona Sul;2026-07-16;J6 JANTAR 18h00-22h59;RIO - CAMPO GRANDE;CENTRO;7;12;58.3%;2026-07-16 18:05;Todos
Rio - Zona Sul;2026-07-16;J6 JANTAR 18h00-22h59;RIO - CAMPO GRANDE;CENTRO;0;4;0.0%;2026-07-16 18:05;MOTORCYCLE
Rio - Zona Sul;2026-07-16;JANTAR CPS;NITEROI;GRAGOATÁ;0;3;0.0%;2026-07-16 18:05;MOTORCYCLE
Rio - Zona Sul;2026-07-16;JANTAR CPS;RIO - ZONA SUL;Rio Zona Sul - Centro;1;5;20.0%;2026-07-16 18:05;MOTORCYCLE
Rio - Zona Sul;2026-07-16;J6 JANTAR 18h00-22h59;RIO - CAMPO GRANDE;SANTA CRUZ;4;4;100.0%;2026-07-16 18:05;Todos
Rio - Zona Sul;2026-07-16;JANTAR CPS;RIO - ZONA SUL;CACHAMBI;5;5;100.0%;2026-07-16 18:05;MOTORCYCLE
Rio - Zona Sul;2026-07-16;JANTAR CPS 2230;RIO - ZONA SUL;VILA ISABEL E SAO CRISTOVAO;11;11;100.0%;2026-07-16 18:05;Todos
Rio - Zona Sul;2026-07-16;JANTAR CPS;RIO - ZONA SUL;COPACABANA E BOTAFOGO;2;5;40.0%;2026-07-16 18:05;MOTORCYCLE
Rio - Zona Sul;2026-07-16;JANTAR CPS 2230;RIO - ZONA SUL;COPACABANA E BOTAFOGO;1;5;20.0%;2026-07-16 18:05;MOTORCYCLE
Rio - Zona Sul;2026-07-16;JANTAR CPS 2230;RIO - ZONA SUL;IPANEMA;4;4;100.0%;2026-07-16 18:05;Todos
Rio - Zona Sul;2026-07-16;JANTAR CPS 2230;RIO - ZONA SUL;COPACABANA E BOTAFOGO;4;4;100.0%;2026-07-16 18:05;Todos
Rio - Zona Sul;2026-07-16;JANTAR CPS;RIO - ZONA SUL;IPANEMA;58;92;63.0%;2026-07-16 18:05;Todos
Rio - Zona Sul;2026-07-16;JANTAR CPS;RIO - BARRA;FREGUESIA;0;3;0.0%;2026-07-16 18:05;MOTORCYCLE
Rio - Zona Sul;2026-07-16;JANTAR CPS;RIO - ZONA SUL;CACHAMBI;56;56;100.0%;2026-07-16 18:05;Todos
Rio - Zona Sul;2026-07-16;JANTAR 18H00-23H59;RJ DEDICADO;TT Burger - Recreio dos Bandeirantes;3;3;100.0%;2026-07-16 18:05;Todos
Rio - Zona Sul;2026-07-16;JANTAR CPS 2230;RIO - ZONA SUL;IPANEMA;2;5;40.0%;2026-07-16 18:05;MOTORCYCLE
Rio - Zona Sul;2026-07-16;JANTAR CPS;RIO - ZONA SUL;IPANEMA;3;5;60.0%;2026-07-16 18:05;MOTORCYCLE
Rio - Zona Sul;2026-07-16;JANTAR CPS;RIO - BARRA;TAQUARA;20;36;55.6%;2026-07-16 18:05;Todos
Rio - Zona Sul;2026-07-16;JANTAR CPS 2230;RIO - ZONA SUL;CACHAMBI;5;5;100.0%;2026-07-16 18:05;Todos
Rio - Zona Sul;2026-07-16;JANTAR CPS;RIO - BARRA;LIVRE;11;12;91.7%;2026-07-16 18:05;MOTORCYCLE
Rio - Zona Sul;2026-07-16;JANTAR CPS 2230;RIO - ZONA SUL;VILA ISABEL E SAO CRISTOVAO;3;5;60.0%;2026-07-16 18:05;MOTORCYCLE
Rio - Zona Sul;2026-07-16;J6 JANTAR 18h00-22h59;RIO - MADUREIRA;IRAJÁ;1;4;25.0%;2026-07-16 18:05;MOTORCYCLE
Rio - Zona Sul;2026-07-16;JANTAR CPS;RIO - BARRA;JACAREPAGUA;3;3;100.0%;2026-07-16 18:05;MOTORCYCLE
Rio - Zona Sul;2026-07-16;JANTAR CPS;RIO - ZONA SUL;VILA ISABEL E SAO CRISTOVAO;3;5;60.0%;2026-07-16 18:05;MOTORCYCLE
Rio - Zona Sul;2026-07-16;JANTAR 18H30-23H59;RJ DEDICADO;FE- TT Burger Olegário Maciel | HUB Virtual;3;4;75.0%;2026-07-16 18:05;Todos
Niteroi;2026-07-16;TARDE CPS;RIO - ZONA SUL;VILA ISABEL E SAO CRISTOVAO;121;130;93.1%;2026-07-16 18:05;Todos
Niteroi;2026-07-16;TARDE CPS;RIO - ZONA SUL;Rio Zona Sul - Centro;1;5;20.0%;2026-07-16 18:05;MOTORCYCLE
Niteroi;2026-07-16;TARDE CPS;NITEROI;GRAGOATÁ;0;3;0.0%;2026-07-16 18:05;MOTORCYCLE
Niteroi;2026-07-16;TARDE CPS;RIO - ZONA SUL;COPACABANA E BOTAFOGO;5;5;100.0%;2026-07-16 18:05;MOTORCYCLE
Niteroi;2026-07-16;TARDE CPS;NITEROI;LIVRE;3;6;50.0%;2026-07-16 18:05;MOTORCYCLE
Niteroi;2026-07-16;TARDE CPS;RIO - ZONA SUL;LIVRE;11;12;91.7%;2026-07-16 18:05;MOTORCYCLE
Niteroi;2026-07-16;TARDE CPS;RIO - ZONA SUL;VILA ISABEL E SAO CRISTOVAO;3;5;60.0%;2026-07-16 18:05;MOTORCYCLE
Niteroi;2026-07-16;TARDE CPS;NITEROI;ICARAÍ;0;3;0.0%;2026-07-16 18:05;MOTORCYCLE
Niteroi;2026-07-16;TARDE CPS;RIO - BARRA;LIVRE;12;12;100.0%;2026-07-16 18:05;MOTORCYCLE
Niteroi;2026-07-16;TARDE CPS;RIO - ZONA SUL;Rio Zona Sul - Centro;66;67;98.5%;2026-07-16 18:05;Todos
Niteroi;2026-07-16;TARDE CPS;RIO - ZONA SUL;IPANEMA;1;5;20.0%;2026-07-16 18:05;MOTORCYCLE
Niteroi;2026-07-16;TARDE CPS;RIO - ZONA SUL;CACHAMBI;5;5;100.0%;2026-07-16 18:05;MOTORCYCLE
Niteroi;2026-07-16;TARDE CPS;RIO - ZONA SUL;CACHAMBI;42;42;100.0%;2026-07-16 18:05;Todos
Niteroi;2026-07-16;TARDE CPS;RIO - ZONA SUL;COPACABANA E BOTAFOGO;113;113;100.0%;2026-07-16 18:05;Todos
Niteroi;2026-07-16;TARDE CPS;RIO - ZONA SUL;IPANEMA;72;73;98.6%;2026-07-16 18:05;Todos
Niteroi;2026-07-16;TARDE;RIO - BARRA;Rio Barra - Centro;3;3;100.0%;2026-07-16 18:05;MOTORCYCLE
Niteroi;2026-07-16;TARDE;RIO - CAMPO GRANDE;MONTEIRO;1;4;25.0%;2026-07-16 18:05;MOTORCYCLE
Niteroi;2026-07-16;TARDE;RIO - MADUREIRA;ROCHA MIRANDA;8;8;100.0%;2026-07-16 18:05;Todos
Niteroi;2026-07-16;TARDE;RIO - MADUREIRA;PENHA;8;8;100.0%;2026-07-16 18:05;Todos
Niteroi;2026-07-16;TARDE;RIO - BARRA;TAQUARA;2;3;66.7%;2026-07-16 18:05;MOTORCYCLE
Niteroi;2026-07-16;TARDE;RIO - MADUREIRA;REALENGO;8;8;100.0%;2026-07-16 18:05;Todos
Niteroi;2026-07-16;TARDE;RIO - MADUREIRA;IRAJÁ;6;8;75.0%;2026-07-16 18:05;Todos
Niteroi;2026-07-16;TARDE;RIO - BARRA;JACAREPAGUA;34;37;91.9%;2026-07-16 18:05;Todos
Niteroi;2026-07-16;TARDE;RIO - BARRA;RECREIO;84;100;84.0%;2026-07-16 18:05;Todos
Niteroi;2026-07-16;TARDE;RIO - BARRA;TAQUARA;22;29;75.9%;2026-07-16 18:05;Todos
Niteroi;2026-07-16;TARDE;RIO - BARRA;RECREIO;2;3;66.7%;2026-07-16 18:05;MOTORCYCLE
Niteroi;2026-07-16;TARDE;RIO - CAMPO GRANDE;SANTA CRUZ;3;4;75.0%;2026-07-16 18:05;Todos
Niteroi;2026-07-16;TARDE;RIO - BARRA;FREGUESIA;22;29;75.9%;2026-07-16 18:05;Todos
Niteroi;2026-07-16;TARDE;RIO - BARRA;Rio Barra - Centro;116;116;100.0%;2026-07-16 18:05;Todos
Niteroi;2026-07-16;TARDE;RIO - CAMPO GRANDE;CENTRO;0;4;0.0%;2026-07-16 18:05;MOTORCYCLE
Niteroi;2026-07-16;TARDE;RIO - CAMPO GRANDE;CENTRO;5;12;41.7%;2026-07-16 18:05;Todos
Niteroi;2026-07-16;TARDE;RIO - BARRA;FREGUESIA;0;3;0.0%;2026-07-16 18:05;MOTORCYCLE
Niteroi;2026-07-16;TARDE;RIO - MADUREIRA;IRAJÁ;1;4;25.0%;2026-07-16 18:05;MOTORCYCLE
Niteroi;2026-07-16;TARDE;RIO - BARRA;JACAREPAGUA;1;3;33.3%;2026-07-16 18:05;MOTORCYCLE
Niteroi;2026-07-16;TARDE;RIO - CAMPO GRANDE;MONTEIRO;13;16;81.2%;2026-07-16 18:05;Todos
Niteroi;2026-07-16;TARDE;RIO - MADUREIRA;PENHA;0;4;0.0%;2026-07-16 18:05;MOTORCYCLE
Niteroi;2026-07-16;TARDE;RIO - MADUREIRA;REALENGO;2;4;50.0%;2026-07-16 18:05;MOTORCYCLE
Niteroi;2026-07-16;TARDE;RIO - CAMPO GRANDE;SANTA CRUZ;0;4;0.0%;2026-07-16 18:05;MOTORCYCLE
Niteroi;2026-07-16;TARDE;RIO - MADUREIRA;ROCHA MIRANDA;0;4;0.0%;2026-07-16 18:05;MOTORCYCLE
Niteroi;2026-07-16;JANTAR CPS;RIO - BARRA;TAQUARA;2;3;66.7%;2026-07-16 18:05;MOTORCYCLE
Niteroi;2026-07-16;JANTAR CPS;RIO - ZONA SUL;LIVRE;16;16;100.0%;2026-07-16 18:05;MOTORCYCLE
Niteroi;2026-07-16;J6 JANTAR 18h00-22h59;RIO - CAMPO GRANDE;MONTEIRO;0;4;0.0%;2026-07-16 18:05;MOTORCYCLE
Niteroi;2026-07-16;J6 JANTAR 18h00-22h59;RIO - MADUREIRA;REALENGO;8;8;100.0%;2026-07-16 18:05;Todos
Niteroi;2026-07-16;JANTAR CPS;RIO - BARRA;Rio Barra - Centro;112;115;97.4%;2026-07-16 18:05;Todos
Niteroi;2026-07-16;J6 JANTAR 18h00-22h59;RIO - MADUREIRA;IRAJÁ;7;12;58.3%;2026-07-16 18:05;Todos
Niteroi;2026-07-16;J6 JANTAR 18h00-22h59;RIO - MADUREIRA;PENHA;5;8;62.5%;2026-07-16 18:05;Todos
Niteroi;2026-07-16;J6 JANTAR 18h00-22h59;RIO - MADUREIRA;PENHA;0;4;0.0%;2026-07-16 18:05;MOTORCYCLE
Niteroi;2026-07-16;J6 JANTAR 18h00-22h59;RIO - CAMPO GRANDE;MONTEIRO;14;16;87.5%;2026-07-16 18:05;Todos
Niteroi;2026-07-16;JANTAR CPS;RIO - ZONA SUL;Rio Zona Sul - Centro;73;73;100.0%;2026-07-16 18:05;Todos
Niteroi;2026-07-16;J6 JANTAR 18h00-22h59;RIO - MADUREIRA;ROCHA MIRANDA;8;8;100.0%;2026-07-16 18:05;Todos
Niteroi;2026-07-16;J6 JANTAR 18h00-22h59;RIO - MADUREIRA;REALENGO;3;4;75.0%;2026-07-16 18:05;MOTORCYCLE
Niteroi;2026-07-16;JANTAR CPS;RIO - ZONA SUL;COPACABANA E BOTAFOGO;131;136;96.3%;2026-07-16 18:05;Todos
Niteroi;2026-07-16;JANTAR CPS;RIO - BARRA;RECREIO;3;3;100.0%;2026-07-16 18:05;MOTORCYCLE
Niteroi;2026-07-16;JANTAR CPS;RIO - BARRA;FREGUESIA;28;36;77.8%;2026-07-16 18:05;Todos
Niteroi;2026-07-16;JANTAR CPS;RIO - BARRA;JACAREPAGUA;41;46;89.1%;2026-07-16 18:05;Todos
Niteroi;2026-07-16;J6 JANTAR 18h00-22h59;RIO - CAMPO GRANDE;SANTA CRUZ;0;4;0.0%;2026-07-16 18:05;MOTORCYCLE
Niteroi;2026-07-16;JANTAR CPS;NITEROI;LIVRE;2;6;33.3%;2026-07-16 18:05;MOTORCYCLE
Niteroi;2026-07-16;JANTAR CPS;RIO - BARRA;RECREIO;87;132;65.9%;2026-07-16 18:05;Todos
Niteroi;2026-07-16;J6 JANTAR 18h00-22h59;RIO - MADUREIRA;ROCHA MIRANDA;0;4;0.0%;2026-07-16 18:05;MOTORCYCLE
Niteroi;2026-07-16;JANTAR CPS 2230;RIO - ZONA SUL;CACHAMBI;2;5;40.0%;2026-07-16 18:05;MOTORCYCLE
Niteroi;2026-07-16;JANTAR CPS;RIO - ZONA SUL;VILA ISABEL E SAO CRISTOVAO;95;138;68.8%;2026-07-16 18:05;Todos
Niteroi;2026-07-16;JANTAR CPS;RIO - BARRA;Rio Barra - Centro;3;3;100.0%;2026-07-16 18:05;MOTORCYCLE
Niteroi;2026-07-16;JANTAR CPS;NITEROI;ICARAÍ;0;3;0.0%;2026-07-16 18:05;MOTORCYCLE
Niteroi;2026-07-16;J6 JANTAR 18h00-22h59;RIO - CAMPO GRANDE;CENTRO;7;12;58.3%;2026-07-16 18:05;Todos
Niteroi;2026-07-16;J6 JANTAR 18h00-22h59;RIO - CAMPO GRANDE;CENTRO;0;4;0.0%;2026-07-16 18:05;MOTORCYCLE
Niteroi;2026-07-16;JANTAR CPS;NITEROI;GRAGOATÁ;0;3;0.0%;2026-07-16 18:05;MOTORCYCLE
Niteroi;2026-07-16;JANTAR CPS;RIO - ZONA SUL;Rio Zona Sul - Centro;1;5;20.0%;2026-07-16 18:05;MOTORCYCLE
Niteroi;2026-07-16;J6 JANTAR 18h00-22h59;RIO - CAMPO GRANDE;SANTA CRUZ;4;4;100.0%;2026-07-16 18:05;Todos
Niteroi;2026-07-16;JANTAR CPS;RIO - ZONA SUL;CACHAMBI;5;5;100.0%;2026-07-16 18:05;MOTORCYCLE
Niteroi;2026-07-16;JANTAR CPS 2230;RIO - ZONA SUL;VILA ISABEL E SAO CRISTOVAO;11;11;100.0%;2026-07-16 18:05;Todos
Niteroi;2026-07-16;JANTAR CPS;RIO - ZONA SUL;COPACABANA E BOTAFOGO;2;5;40.0%;2026-07-16 18:05;MOTORCYCLE
Niteroi;2026-07-16;JANTAR CPS 2230;RIO - ZONA SUL;COPACABANA E BOTAFOGO;1;5;20.0%;2026-07-16 18:05;MOTORCYCLE
Niteroi;2026-07-16;JANTAR CPS 2230;RIO - ZONA SUL;IPANEMA;4;4;100.0%;2026-07-16 18:05;Todos
Niteroi;2026-07-16;JANTAR CPS 2230;RIO - ZONA SUL;COPACABANA E BOTAFOGO;4;4;100.0%;2026-07-16 18:05;Todos
Niteroi;2026-07-16;JANTAR CPS;RIO - ZONA SUL;IPANEMA;58;92;63.0%;2026-07-16 18:05;Todos
Niteroi;2026-07-16;JANTAR CPS;RIO - BARRA;FREGUESIA;0;3;0.0%;2026-07-16 18:05;MOTORCYCLE
Niteroi;2026-07-16;JANTAR CPS;RIO - ZONA SUL;CACHAMBI;56;56;100.0%;2026-07-16 18:05;Todos
Niteroi;2026-07-16;JANTAR 18H00-23H59;RJ DEDICADO;TT Burger - Recreio dos Bandeirantes;3;3;100.0%;2026-07-16 18:05;Todos
Niteroi;2026-07-16;JANTAR CPS 2230;RIO - ZONA SUL;IPANEMA;2;5;40.0%;2026-07-16 18:05;MOTORCYCLE
Niteroi;2026-07-16;JANTAR CPS;RIO - ZONA SUL;IPANEMA;3;5;60.0%;2026-07-16 18:05;MOTORCYCLE
Niteroi;2026-07-16;JANTAR CPS;RIO - BARRA;TAQUARA;20;36;55.6%;2026-07-16 18:05;Todos
Niteroi;2026-07-16;JANTAR CPS 2230;RIO - ZONA SUL;CACHAMBI;5;5;100.0%;2026-07-16 18:05;Todos
Niteroi;2026-07-16;JANTAR CPS;RIO - BARRA;LIVRE;11;12;91.7%;2026-07-16 18:05;MOTORCYCLE
Niteroi;2026-07-16;JANTAR CPS 2230;RIO - ZONA SUL;VILA ISABEL E SAO CRISTOVAO;3;5;60.0%;2026-07-16 18:05;MOTORCYCLE
Niteroi;2026-07-16;J6 JANTAR 18h00-22h59;RIO - MADUREIRA;IRAJÁ;1;4;25.0%;2026-07-16 18:05;MOTORCYCLE
Niteroi;2026-07-16;JANTAR CPS;RIO - BARRA;JACAREPAGUA;3;3;100.0%;2026-07-16 18:05;MOTORCYCLE
Niteroi;2026-07-16;JANTAR CPS;RIO - ZONA SUL;VILA ISABEL E SAO CRISTOVAO;3;5;60.0%;2026-07-16 18:05;MOTORCYCLE
Niteroi;2026-07-16;JANTAR 18H30-23H59;RJ DEDICADO;FE- TT Burger Olegário Maciel | HUB Virtual;3;4;75.0%;2026-07-16 18:05;Todos
Rio - Campo Grande;2026-07-16;TARDE CPS;RIO - ZONA SUL;VILA ISABEL E SAO CRISTOVAO;121;130;93.1%;2026-07-16 18:05;Todos
Rio - Campo Grande;2026-07-16;TARDE CPS;RIO - ZONA SUL;Rio Zona Sul - Centro;1;5;20.0%;2026-07-16 18:05;MOTORCYCLE
Rio - Campo Grande;2026-07-16;TARDE CPS;NITEROI;GRAGOATÁ;0;3;0.0%;2026-07-16 18:05;MOTORCYCLE
Rio - Campo Grande;2026-07-16;TARDE CPS;RIO - ZONA SUL;COPACABANA E BOTAFOGO;5;5;100.0%;2026-07-16 18:05;MOTORCYCLE
Rio - Campo Grande;2026-07-16;TARDE CPS;NITEROI;LIVRE;3;6;50.0%;2026-07-16 18:05;MOTORCYCLE
Rio - Campo Grande;2026-07-16;TARDE CPS;RIO - ZONA SUL;LIVRE;11;12;91.7%;2026-07-16 18:05;MOTORCYCLE
Rio - Campo Grande;2026-07-16;TARDE CPS;RIO - ZONA SUL;VILA ISABEL E SAO CRISTOVAO;3;5;60.0%;2026-07-16 18:05;MOTORCYCLE
Rio - Campo Grande;2026-07-16;TARDE CPS;NITEROI;ICARAÍ;0;3;0.0%;2026-07-16 18:05;MOTORCYCLE
Rio - Campo Grande;2026-07-16;TARDE CPS;RIO - BARRA;LIVRE;12;12;100.0%;2026-07-16 18:05;MOTORCYCLE
Rio - Campo Grande;2026-07-16;TARDE CPS;RIO - ZONA SUL;Rio Zona Sul - Centro;66;67;98.5%;2026-07-16 18:05;Todos
Rio - Campo Grande;2026-07-16;TARDE CPS;RIO - ZONA SUL;IPANEMA;1;5;20.0%;2026-07-16 18:05;MOTORCYCLE
Rio - Campo Grande;2026-07-16;TARDE CPS;RIO - ZONA SUL;CACHAMBI;5;5;100.0%;2026-07-16 18:05;MOTORCYCLE
Rio - Campo Grande;2026-07-16;TARDE CPS;RIO - ZONA SUL;CACHAMBI;42;42;100.0%;2026-07-16 18:05;Todos
Rio - Campo Grande;2026-07-16;TARDE CPS;RIO - ZONA SUL;COPACABANA E BOTAFOGO;113;113;100.0%;2026-07-16 18:05;Todos
Rio - Campo Grande;2026-07-16;TARDE CPS;RIO - ZONA SUL;IPANEMA;72;73;98.6%;2026-07-16 18:05;Todos
Rio - Campo Grande;2026-07-16;TARDE;RIO - BARRA;Rio Barra - Centro;3;3;100.0%;2026-07-16 18:05;MOTORCYCLE
Rio - Campo Grande;2026-07-16;TARDE;RIO - CAMPO GRANDE;MONTEIRO;1;4;25.0%;2026-07-16 18:05;MOTORCYCLE
Rio - Campo Grande;2026-07-16;TARDE;RIO - MADUREIRA;ROCHA MIRANDA;8;8;100.0%;2026-07-16 18:05;Todos
Rio - Campo Grande;2026-07-16;TARDE;RIO - MADUREIRA;PENHA;8;8;100.0%;2026-07-16 18:05;Todos
Rio - Campo Grande;2026-07-16;TARDE;RIO - BARRA;TAQUARA;2;3;66.7%;2026-07-16 18:05;MOTORCYCLE
Rio - Campo Grande;2026-07-16;TARDE;RIO - MADUREIRA;REALENGO;8;8;100.0%;2026-07-16 18:05;Todos
Rio - Campo Grande;2026-07-16;TARDE;RIO - MADUREIRA;IRAJÁ;6;8;75.0%;2026-07-16 18:05;Todos
Rio - Campo Grande;2026-07-16;TARDE;RIO - BARRA;JACAREPAGUA;34;37;91.9%;2026-07-16 18:05;Todos
Rio - Campo Grande;2026-07-16;TARDE;RIO - BARRA;RECREIO;84;100;84.0%;2026-07-16 18:05;Todos
Rio - Campo Grande;2026-07-16;TARDE;RIO - BARRA;TAQUARA;22;29;75.9%;2026-07-16 18:05;Todos
Rio - Campo Grande;2026-07-16;TARDE;RIO - BARRA;RECREIO;2;3;66.7%;2026-07-16 18:05;MOTORCYCLE
Rio - Campo Grande;2026-07-16;TARDE;RIO - CAMPO GRANDE;SANTA CRUZ;3;4;75.0%;2026-07-16 18:05;Todos
Rio - Campo Grande;2026-07-16;TARDE;RIO - BARRA;FREGUESIA;22;29;75.9%;2026-07-16 18:05;Todos
Rio - Campo Grande;2026-07-16;TARDE;RIO - BARRA;Rio Barra - Centro;116;116;100.0%;2026-07-16 18:05;Todos
Rio - Campo Grande;2026-07-16;TARDE;RIO - CAMPO GRANDE;CENTRO;0;4;0.0%;2026-07-16 18:05;MOTORCYCLE
Rio - Campo Grande;2026-07-16;TARDE;RIO - CAMPO GRANDE;CENTRO;5;12;41.7%;2026-07-16 18:05;Todos
Rio - Campo Grande;2026-07-16;TARDE;RIO - BARRA;FREGUESIA;0;3;0.0%;2026-07-16 18:05;MOTORCYCLE
Rio - Campo Grande;2026-07-16;TARDE;RIO - MADUREIRA;IRAJÁ;1;4;25.0%;2026-07-16 18:05;MOTORCYCLE
Rio - Campo Grande;2026-07-16;TARDE;RIO - BARRA;JACAREPAGUA;1;3;33.3%;2026-07-16 18:05;MOTORCYCLE
Rio - Campo Grande;2026-07-16;TARDE;RIO - CAMPO GRANDE;MONTEIRO;13;16;81.2%;2026-07-16 18:05;Todos
Rio - Campo Grande;2026-07-16;TARDE;RIO - MADUREIRA;PENHA;0;4;0.0%;2026-07-16 18:05;MOTORCYCLE
Rio - Campo Grande;2026-07-16;TARDE;RIO - MADUREIRA;REALENGO;2;4;50.0%;2026-07-16 18:05;MOTORCYCLE
Rio - Campo Grande;2026-07-16;TARDE;RIO - CAMPO GRANDE;SANTA CRUZ;0;4;0.0%;2026-07-16 18:05;MOTORCYCLE
Rio - Campo Grande;2026-07-16;TARDE;RIO - MADUREIRA;ROCHA MIRANDA;0;4;0.0%;2026-07-16 18:05;MOTORCYCLE
Rio - Campo Grande;2026-07-16;JANTAR CPS;RIO - BARRA;TAQUARA;2;3;66.7%;2026-07-16 18:05;MOTORCYCLE
Rio - Campo Grande;2026-07-16;JANTAR CPS;RIO - ZONA SUL;LIVRE;16;16;100.0%;2026-07-16 18:05;MOTORCYCLE
Rio - Campo Grande;2026-07-16;J6 JANTAR 18h00-22h59;RIO - CAMPO GRANDE;MONTEIRO;0;4;0.0%;2026-07-16 18:05;MOTORCYCLE
Rio - Campo Grande;2026-07-16;J6 JANTAR 18h00-22h59;RIO - MADUREIRA;REALENGO;8;8;100.0%;2026-07-16 18:05;Todos
Rio - Campo Grande;2026-07-16;JANTAR CPS;RIO - BARRA;Rio Barra - Centro;112;115;97.4%;2026-07-16 18:05;Todos
Rio - Campo Grande;2026-07-16;J6 JANTAR 18h00-22h59;RIO - MADUREIRA;IRAJÁ;7;12;58.3%;2026-07-16 18:05;Todos
Rio - Campo Grande;2026-07-16;J6 JANTAR 18h00-22h59;RIO - MADUREIRA;PENHA;5;8;62.5%;2026-07-16 18:05;Todos
Rio - Campo Grande;2026-07-16;J6 JANTAR 18h00-22h59;RIO - MADUREIRA;PENHA;0;4;0.0%;2026-07-16 18:05;MOTORCYCLE
Rio - Campo Grande;2026-07-16;J6 JANTAR 18h00-22h59;RIO - CAMPO GRANDE;MONTEIRO;14;16;87.5%;2026-07-16 18:05;Todos
Rio - Campo Grande;2026-07-16;JANTAR CPS;RIO - ZONA SUL;Rio Zona Sul - Centro;73;73;100.0%;2026-07-16 18:05;Todos
Rio - Campo Grande;2026-07-16;J6 JANTAR 18h00-22h59;RIO - MADUREIRA;ROCHA MIRANDA;8;8;100.0%;2026-07-16 18:05;Todos
Rio - Campo Grande;2026-07-16;J6 JANTAR 18h00-22h59;RIO - MADUREIRA;REALENGO;3;4;75.0%;2026-07-16 18:05;MOTORCYCLE
Rio - Campo Grande;2026-07-16;JANTAR CPS;RIO - ZONA SUL;COPACABANA E BOTAFOGO;131;136;96.3%;2026-07-16 18:05;Todos
Rio - Campo Grande;2026-07-16;JANTAR CPS;RIO - BARRA;RECREIO;3;3;100.0%;2026-07-16 18:05;MOTORCYCLE
Rio - Campo Grande;2026-07-16;JANTAR CPS;RIO - BARRA;FREGUESIA;28;36;77.8%;2026-07-16 18:05;Todos
Rio - Campo Grande;2026-07-16;JANTAR CPS;RIO - BARRA;JACAREPAGUA;41;46;89.1%;2026-07-16 18:05;Todos
Rio - Campo Grande;2026-07-16;J6 JANTAR 18h00-22h59;RIO - CAMPO GRANDE;SANTA CRUZ;0;4;0.0%;2026-07-16 18:05;MOTORCYCLE
Rio - Campo Grande;2026-07-16;JANTAR CPS;NITEROI;LIVRE;2;6;33.3%;2026-07-16 18:05;MOTORCYCLE
Rio - Campo Grande;2026-07-16;JANTAR CPS;RIO - BARRA;RECREIO;87;132;65.9%;2026-07-16 18:05;Todos
Rio - Campo Grande;2026-07-16;J6 JANTAR 18h00-22h59;RIO - MADUREIRA;ROCHA MIRANDA;0;4;0.0%;2026-07-16 18:05;MOTORCYCLE
Rio - Campo Grande;2026-07-16;JANTAR CPS 2230;RIO - ZONA SUL;CACHAMBI;2;5;40.0%;2026-07-16 18:05;MOTORCYCLE
Rio - Campo Grande;2026-07-16;JANTAR CPS;RIO - ZONA SUL;VILA ISABEL E SAO CRISTOVAO;95;138;68.8%;2026-07-16 18:05;Todos
Rio - Campo Grande;2026-07-16;JANTAR CPS;RIO - BARRA;Rio Barra - Centro;3;3;100.0%;2026-07-16 18:05;MOTORCYCLE
Rio - Campo Grande;2026-07-16;JANTAR CPS;NITEROI;ICARAÍ;0;3;0.0%;2026-07-16 18:05;MOTORCYCLE
Rio - Campo Grande;2026-07-16;J6 JANTAR 18h00-22h59;RIO - CAMPO GRANDE;CENTRO;7;12;58.3%;2026-07-16 18:05;Todos
Rio - Campo Grande;2026-07-16;J6 JANTAR 18h00-22h59;RIO - CAMPO GRANDE;CENTRO;0;4;0.0%;2026-07-16 18:05;MOTORCYCLE
Rio - Campo Grande;2026-07-16;JANTAR CPS;NITEROI;GRAGOATÁ;0;3;0.0%;2026-07-16 18:05;MOTORCYCLE
Rio - Campo Grande;2026-07-16;JANTAR CPS;RIO - ZONA SUL;Rio Zona Sul - Centro;1;5;20.0%;2026-07-16 18:05;MOTORCYCLE
Rio - Campo Grande;2026-07-16;J6 JANTAR 18h00-22h59;RIO - CAMPO GRANDE;SANTA CRUZ;4;4;100.0%;2026-07-16 18:05;Todos
Rio - Campo Grande;2026-07-16;JANTAR CPS;RIO - ZONA SUL;CACHAMBI;5;5;100.0%;2026-07-16 18:05;MOTORCYCLE
Rio - Campo Grande;2026-07-16;JANTAR CPS 2230;RIO - ZONA SUL;VILA ISABEL E SAO CRISTOVAO;11;11;100.0%;2026-07-16 18:05;Todos
Rio - Campo Grande;2026-07-16;JANTAR CPS;RIO - ZONA SUL;COPACABANA E BOTAFOGO;2;5;40.0%;2026-07-16 18:05;MOTORCYCLE
Rio - Campo Grande;2026-07-16;JANTAR CPS 2230;RIO - ZONA SUL;COPACABANA E BOTAFOGO;1;5;20.0%;2026-07-16 18:05;MOTORCYCLE
Rio - Campo Grande;2026-07-16;JANTAR CPS 2230;RIO - ZONA SUL;IPANEMA;4;4;100.0%;2026-07-16 18:05;Todos
Rio - Campo Grande;2026-07-16;JANTAR CPS 2230;RIO - ZONA SUL;COPACABANA E BOTAFOGO;4;4;100.0%;2026-07-16 18:05;Todos
Rio - Campo Grande;2026-07-16;JANTAR CPS;RIO - ZONA SUL;IPANEMA;58;92;63.0%;2026-07-16 18:05;Todos
Rio - Campo Grande;2026-07-16;JANTAR CPS;RIO - BARRA;FREGUESIA;0;3;0.0%;2026-07-16 18:05;MOTORCYCLE
Rio - Campo Grande;2026-07-16;JANTAR CPS;RIO - ZONA SUL;CACHAMBI;56;56;100.0%;2026-07-16 18:05;Todos
Rio - Campo Grande;2026-07-16;JANTAR 18H00-23H59;RJ DEDICADO;TT Burger - Recreio dos Bandeirantes;3;3;100.0%;2026-07-16 18:05;Todos
Rio - Campo Grande;2026-07-16;JANTAR CPS 2230;RIO - ZONA SUL;IPANEMA;2;5;40.0%;2026-07-16 18:05;MOTORCYCLE
Rio - Campo Grande;2026-07-16;JANTAR CPS;RIO - ZONA SUL;IPANEMA;3;5;60.0%;2026-07-16 18:05;MOTORCYCLE
Rio - Campo Grande;2026-07-16;JANTAR CPS;RIO - BARRA;TAQUARA;20;36;55.6%;2026-07-16 18:05;Todos
Rio - Campo Grande;2026-07-16;JANTAR CPS 2230;RIO - ZONA SUL;CACHAMBI;5;5;100.0%;2026-07-16 18:05;Todos
Rio - Campo Grande;2026-07-16;JANTAR CPS;RIO - BARRA;LIVRE;11;12;91.7%;2026-07-16 18:05;MOTORCYCLE
Rio - Campo Grande;2026-07-16;JANTAR CPS 2230;RIO - ZONA SUL;VILA ISABEL E SAO CRISTOVAO;3;5;60.0%;2026-07-16 18:05;MOTORCYCLE
Rio - Campo Grande;2026-07-16;J6 JANTAR 18h00-22h59;RIO - MADUREIRA;IRAJÁ;1;4;25.0%;2026-07-16 18:05;MOTORCYCLE
Rio - Campo Grande;2026-07-16;JANTAR CPS;RIO - BARRA;JACAREPAGUA;3;3;100.0%;2026-07-16 18:05;MOTORCYCLE
Rio - Campo Grande;2026-07-16;JANTAR CPS;RIO - ZONA SUL;VILA ISABEL E SAO CRISTOVAO;3;5;60.0%;2026-07-16 18:05;MOTORCYCLE
Rio - Campo Grande;2026-07-16;JANTAR 18H30-23H59;RJ DEDICADO;FE- TT Burger Olegário Maciel | HUB Virtual;3;4;75.0%;2026-07-16 18:05;Todos
